,Team,W,L,W/L%,GB,PS/G,PA/G,SRS,Year
0,Philadelphia Warriors*,45,27,0.625,—,103.1,98.8,3.82,1956
1,Boston Celtics*,39,33,0.542,6.0,106.0,105.3,0.72,1956
2,Syracuse Nationals*,35,37,0.486,10.0,96.9,96.9,0.17,1956
3,New York Knicks*,35,37,0.486,10.0,100.2,100.6,-0.2,1956
4,Fort Wayne Pistons*,37,35,0.514,—,94.4,93.7,0.45,1956
5,Minneapolis Lakers*,33,39,0.458,4.0,99.3,100.2,-0.92,1956
6,St. Louis Hawks*,33,39,0.458,4.0,96.6,98.0,-1.42,1956
7,Rochester Royals,31,41,0.431,6.0,95.8,98.7,-2.61,1956
8,Boston Celtics*,44,28,0.611,—,105.5,100.2,4.78,1957
9,Syracuse Nationals*,38,34,0.528,6.0,99.7,101.1,-1.03,1957
10,Philadelphia Warriors*,37,35,0.514,7.0,100.4,98.8,1.54,1957
11,New York Knicks,36,36,0.5,8.0,100.8,100.9,0.07,1957
12,St. Louis Hawks*,34,38,0.472,—,98.5,98.6,-0.27,1957
13,Minneapolis Lakers*,34,38,0.472,—,102.3,103.1,-0.89,1957
14,Fort Wayne Pistons*,34,38,0.472,—,96.4,98.7,-2.18,1957
15,Rochester Royals,31,41,0.431,3.0,93.4,95.6,-2.08,1957
16,Boston Celtics*,49,23,0.681,—,109.9,104.4,5.02,1958
17,Syracuse Nationals*,41,31,0.569,8.0,107.2,105.1,2.18,1958
18,Philadelphia Warriors*,37,35,0.514,12.0,104.3,104.4,0.21,1958
19,New York Knicks,35,37,0.486,14.0,112.1,110.8,1.35,1958
20,St. Louis Hawks*,41,31,0.569,—,107.5,106.2,0.82,1958
21,Detroit Pistons*,33,39,0.458,8.0,105.3,107.7,-2.32,1958
22,Cincinnati Royals*,33,39,0.458,8.0,101.7,103.1,-1.47,1958
23,Minneapolis Lakers,19,53,0.264,22.0,105.1,111.5,-5.78,1958
24,Boston Celtics*,52,20,0.722,—,116.4,109.9,5.84,1959
25,New York Knicks*,40,32,0.556,12.0,110.3,110.1,0.49,1959
26,Syracuse Nationals*,35,37,0.486,17.0,113.1,109.1,3.74,1959
27,Philadelphia Warriors,32,40,0.444,20.0,103.3,106.3,-2.29,1959
28,St. Louis Hawks*,49,23,0.681,—,108.8,105.1,2.89,1959
29,Minneapolis Lakers*,33,39,0.458,16.0,106.0,107.3,-1.42,1959
30,Detroit Pistons*,28,44,0.389,21.0,105.1,106.3,-1.36,1959
31,Cincinnati Royals,19,53,0.264,30.0,103.1,111.9,-7.89,1959
32,Boston Celtics*,59,16,0.787,—,124.5,116.2,7.62,1960
33,Philadelphia Warriors*,49,26,0.653,10.0,118.6,116.0,2.77,1960
34,Syracuse Nationals*,45,30,0.6,14.0,118.9,116.3,2.77,1960
35,New York Knicks,27,48,0.36,32.0,117.3,119.6,-1.43,1960
36,St. Louis Hawks*,46,29,0.613,—,113.4,110.7,1.77,1960
37,Detroit Pistons*,30,45,0.4,16.0,111.6,115.0,-3.45,1960
38,Minneapolis Lakers*,25,50,0.333,21.0,107.3,111.5,-4.14,1960
39,Cincinnati Royals,19,56,0.253,27.0,111.1,117.4,-5.92,1960
40,Boston Celtics*,57,22,0.722,—,119.7,114.1,4.94,1961
41,Philadelphia Warriors*,46,33,0.582,11.0,121.0,120.1,0.89,1961
42,Syracuse Nationals*,38,41,0.481,19.0,121.3,119.2,1.93,1961
43,New York Knicks,21,58,0.266,36.0,113.7,120.1,-5.43,1961
44,St. Louis Hawks*,51,28,0.646,—,118.8,115.2,2.99,1961
45,Los Angeles Lakers*,36,43,0.456,15.0,114.0,114.1,-0.11,1961
46,Detroit Pistons*,34,45,0.43,17.0,118.6,121.0,-2.11,1961
47,Cincinnati Royals,33,46,0.418,18.0,117.9,121.3,-3.04,1961
48,Boston Celtics*,60,20,0.75,—,121.1,111.9,8.25,1962
49,Philadelphia Warriors*,49,31,0.613,11.0,125.4,122.7,2.63,1962
50,Syracuse Nationals*,41,39,0.513,19.0,120.7,118.4,2.24,1962
51,New York Knicks,29,51,0.363,31.0,114.8,119.7,-3.98,1962
52,Los Angeles Lakers*,54,26,0.675,—,118.5,116.3,1.8,1962
53,Cincinnati Royals*,43,37,0.538,11.0,123.1,121.3,1.28,1962
54,Detroit Pistons*,37,43,0.463,17.0,115.4,117.1,-1.72,1962
55,St. Louis Hawks,29,51,0.363,25.0,118.9,122.1,-2.96,1962
56,Chicago Packers,18,62,0.225,36.0,110.9,119.4,-7.54,1962
57,Boston Celtics*,58,22,0.725,—,118.8,111.6,6.38,1963
58,Syracuse Nationals*,48,32,0.6,10.0,121.6,117.8,3.4,1963
59,Cincinnati Royals*,42,38,0.525,16.0,119.1,117.8,1.24,1963
60,New York Knicks,21,59,0.263,37.0,110.5,117.7,-6.2,1963
61,Los Angeles Lakers*,53,27,0.663,—,115.5,112.4,2.67,1963
62,St. Louis Hawks*,48,32,0.6,5.0,109.6,107.8,1.38,1963
63,Detroit Pistons*,34,46,0.425,19.0,113.9,117.6,-3.38,1963
64,San Francisco Warriors,31,49,0.388,22.0,118.5,120.6,-1.86,1963
65,Chicago Zephyrs,25,55,0.313,28.0,109.9,114.0,-3.63,1963
66,Boston Celtics*,59,21,0.738,—,113.0,105.1,6.93,1964
67,Cincinnati Royals*,55,25,0.688,4.0,114.7,109.7,4.43,1964
68,Philadelphia 76ers*,34,46,0.425,25.0,112.2,116.5,-3.75,1964
69,New York Knicks,22,58,0.275,37.0,112.2,119.0,-5.91,1964
70,San Francisco Warriors*,48,32,0.6,—,107.7,102.6,4.41,1964
71,St. Louis Hawks*,46,34,0.575,2.0,110.0,108.4,1.39,1964
72,Los Angeles Lakers*,42,38,0.525,6.0,109.7,108.7,0.87,1964
73,Baltimore Bullets,31,49,0.388,17.0,111.9,113.6,-1.59,1964
74,Detroit Pistons,23,57,0.288,25.0,107.8,115.5,-6.77,1964
75,Boston Celtics*,62,18,0.775,—,112.8,104.4,7.46,1965
76,Cincinnati Royals*,48,32,0.6,14.0,114.2,111.9,2.04,1965
77,Philadelphia 76ers*,40,40,0.5,22.0,112.5,112.7,-0.13,1965
78,New York Knicks,31,49,0.388,31.0,107.4,111.1,-3.26,1965
79,Los Angeles Lakers*,49,31,0.613,—,111.9,109.9,1.7,1965
80,St. Louis Hawks*,45,35,0.563,4.0,108.8,105.8,2.68,1965
81,Baltimore Bullets*,37,43,0.463,12.0,113.6,115.8,-1.97,1965
82,Detroit Pistons,31,49,0.388,18.0,108.5,111.9,-3.03,1965
83,San Francisco Warriors,17,63,0.213,32.0,105.8,112.0,-5.49,1965
84,Philadelphia 76ers*,55,25,0.688,—,117.3,112.7,4.16,1966
85,Boston Celtics*,54,26,0.675,1.0,112.7,107.8,4.34,1966
86,Cincinnati Royals*,45,35,0.563,10.0,117.8,116.6,1.03,1966
87,New York Knicks,30,50,0.375,25.0,116.7,119.3,-2.31,1966
88,Los Angeles Lakers*,45,35,0.563,—,119.5,116.4,2.76,1966
89,Baltimore Bullets*,38,42,0.475,7.0,118.3,119.5,-1.06,1966
90,St. Louis Hawks*,36,44,0.45,9.0,111.4,112.0,-0.5,1966
91,San Francisco Warriors,35,45,0.438,10.0,115.5,118.2,-2.36,1966
92,Detroit Pistons,22,58,0.275,23.0,110.3,117.2,-6.07,1966
93,Philadelphia 76ers*,68,13,0.84,—,125.2,115.8,8.5,1967
94,Boston Celtics*,60,21,0.741,8.0,119.3,111.3,7.24,1967
95,Cincinnati Royals*,39,42,0.481,29.0,117.1,117.4,-0.23,1967
96,New York Knicks*,36,45,0.444,32.0,116.4,119.4,-2.74,1967
97,Baltimore Bullets,20,61,0.247,48.0,115.5,122.0,-5.87,1967
98,San Francisco Warriors*,44,37,0.543,—,122.4,119.5,2.58,1967
99,St. Louis Hawks*,39,42,0.481,5.0,113.6,115.2,-1.44,1967
100,Los Angeles Lakers*,36,45,0.444,8.0,120.5,120.2,0.31,1967
101,Chicago Bulls*,33,48,0.407,11.0,113.2,116.9,-3.37,1967
102,Detroit Pistons,30,51,0.37,14.0,111.3,116.8,-4.98,1967
103,Philadelphia 76ers*,62,20,0.756,—,122.6,114.0,7.96,1968
104,Boston Celtics*,54,28,0.659,8.0,116.1,112.0,3.87,1968
105,New York Knicks*,43,39,0.524,19.0,116.1,114.3,1.78,1968
106,Detroit Pistons*,40,42,0.488,22.0,118.6,120.6,-1.7,1968
107,Cincinnati Royals,39,43,0.476,23.0,116.6,117.5,-0.64,1968
108,Baltimore Bullets,36,46,0.439,26.0,117.4,117.8,-0.23,1968
109,St. Louis Hawks*,56,26,0.683,—,113.0,110.3,2.37,1968
110,Los Angeles Lakers*,52,30,0.634,4.0,121.2,115.6,4.99,1968
111,San Francisco Warriors*,43,39,0.524,13.0,117.0,117.6,-0.66,1968
112,Chicago Bulls*,29,53,0.354,27.0,109.5,113.5,-3.76,1968
113,Seattle SuperSonics,23,59,0.28,33.0,118.7,125.1,-6.0,1968
114,San Diego Rockets,15,67,0.183,41.0,112.4,121.0,-7.94,1968
115,Baltimore Bullets*,57,25,0.695,—,116.4,112.1,4.05,1969
116,Philadelphia 76ers*,55,27,0.671,2.0,118.9,113.8,4.79,1969
117,New York Knicks*,54,28,0.659,3.0,110.8,105.1,5.48,1969
118,Boston Celtics*,48,34,0.585,9.0,111.0,105.4,5.35,1969
119,Cincinnati Royals,41,41,0.5,16.0,114.5,115.6,-0.83,1969
120,Detroit Pistons,32,50,0.39,25.0,114.1,117.3,-2.79,1969
121,Milwaukee Bucks,27,55,0.329,30.0,110.2,115.4,-5.07,1969
122,Los Angeles Lakers*,55,27,0.671,—,112.2,108.1,3.84,1969
123,Atlanta Hawks*,48,34,0.585,7.0,111.3,109.0,2.06,1969
124,San Francisco Warriors*,41,41,0.5,14.0,109.1,110.7,-1.53,1969
125,San Diego Rockets*,37,45,0.451,18.0,115.3,115.5,-0.3,1969
126,Chicago Bulls,33,49,0.402,22.0,104.7,107.0,-2.11,1969
127,Seattle SuperSonics,30,52,0.366,25.0,112.1,116.9,-4.68,1969
128,Phoenix Suns,16,66,0.195,39.0,111.7,120.5,-8.26,1969
129,New York Knicks*,60,22,0.732,—,115.0,105.9,8.42,1970
130,Milwaukee Bucks*,56,26,0.683,4.0,118.8,114.2,4.25,1970
131,Baltimore Bullets*,50,32,0.61,10.0,120.7,118.6,1.94,1970
132,Philadelphia 76ers*,42,40,0.512,18.0,121.9,118.5,3.32,1970
133,Cincinnati Royals,36,46,0.439,24.0,117.3,120.2,-2.55,1970
134,Boston Celtics,34,48,0.415,26.0,114.9,116.8,-1.6,1970
135,Detroit Pistons,31,51,0.378,29.0,112.8,116.1,-2.94,1970
136,Atlanta Hawks*,48,34,0.585,—,117.6,117.2,0.31,1970
137,Los Angeles Lakers*,46,36,0.561,2.0,113.7,111.8,1.76,1970
138,Chicago Bulls*,39,43,0.476,9.0,114.9,116.7,-1.71,1970
139,Phoenix Suns*,39,43,0.476,9.0,119.3,121.1,-1.66,1970
140,Seattle SuperSonics,36,46,0.439,12.0,116.9,119.5,-2.43,1970
141,San Francisco Warriors,30,52,0.366,18.0,111.1,115.6,-4.15,1970
142,San Diego Rockets,27,55,0.329,21.0,118.7,121.8,-2.95,1970
143,New York Knicks*,52,30,0.634,—,110.1,105.0,5.05,1971
144,Philadelphia 76ers*,47,35,0.573,5.0,114.8,113.3,1.81,1971
145,Boston Celtics,44,38,0.537,8.0,117.2,115.1,2.3,1971
146,Buffalo Braves,22,60,0.268,30.0,105.5,112.1,-8.02,1971
147,Baltimore Bullets*,42,40,0.512,—,112.9,112.3,0.91,1971
148,Atlanta Hawks*,36,46,0.439,6.0,114.0,115.8,-1.3,1971
149,Cincinnati Royals,33,49,0.402,9.0,116.0,119.2,-2.96,1971
150,Cleveland Cavaliers,15,67,0.183,27.0,102.1,113.3,-12.04,1971
151,Milwaukee Bucks*,66,16,0.805,—,118.4,106.2,11.92,1971
152,Chicago Bulls*,51,31,0.622,15.0,110.6,105.4,5.47,1971
153,Phoenix Suns,48,34,0.585,18.0,113.8,111.9,2.33,1971
154,Detroit Pistons,45,37,0.549,21.0,110.1,110.9,-0.33,1971
155,Los Angeles Lakers*,48,34,0.585,—,114.8,111.7,3.27,1971
156,San Francisco Warriors*,41,41,0.5,7.0,107.1,108.5,-0.83,1971
157,San Diego Rockets,40,42,0.488,8.0,113.2,113.4,0.21,1971
158,Seattle SuperSonics,38,44,0.463,10.0,115.0,117.0,-1.53,1971
159,Portland Trail Blazers,29,53,0.354,19.0,115.5,120.0,-6.2,1971
160,Boston Celtics*,56,26,0.683,—,115.6,110.8,4.38,1972
161,New York Knicks*,48,34,0.585,8.0,107.1,104.7,2.28,1972
162,Philadelphia 76ers,30,52,0.366,26.0,112.2,115.9,-3.44,1972
163,Buffalo Braves,22,60,0.268,34.0,102.0,111.3,-9.44,1972
164,Baltimore Bullets*,38,44,0.463,—,107.1,108.3,-1.26,1972
165,Atlanta Hawks*,36,46,0.439,2.0,109.5,111.3,-1.94,1972
166,Cincinnati Royals,30,52,0.366,8.0,107.8,111.8,-4.13,1972
167,Cleveland Cavaliers,23,59,0.28,15.0,105.8,113.4,-7.9,1972
168,Milwaukee Bucks*,63,19,0.768,—,114.6,103.5,10.7,1972
169,Chicago Bulls*,57,25,0.695,6.0,111.2,102.9,7.91,1972
170,Phoenix Suns,49,33,0.598,14.0,116.3,110.8,5.57,1972
171,Detroit Pistons,26,56,0.317,37.0,109.1,115.9,-6.11,1972
172,Los Angeles Lakers*,69,13,0.841,—,121.0,108.7,11.65,1972
173,Golden State Warriors*,51,31,0.622,18.0,108.2,107.4,0.92,1972
174,Seattle SuperSonics,47,35,0.573,22.0,109.2,108.8,0.86,1972
175,Houston Rockets,34,48,0.415,35.0,109.7,111.2,-1.22,1972
176,Portland Trail Blazers,18,64,0.22,51.0,106.8,116.5,-8.84,1972
177,Boston Celtics*,68,14,0.829,—,112.7,104.5,7.35,1973
178,New York Knicks*,57,25,0.695,11.0,105.0,98.2,6.07,1973
179,Buffalo Braves,21,61,0.256,47.0,103.3,112.5,-8.85,1973
180,Philadelphia 76ers,9,73,0.11,59.0,104.1,116.2,-11.5,1973
181,Baltimore Bullets*,52,30,0.634,—,105.0,101.6,2.85,1973
182,Atlanta Hawks*,46,36,0.561,6.0,112.4,112.3,-0.15,1973
183,Houston Rockets,33,49,0.402,19.0,112.8,114.5,-1.81,1973
184,Cleveland Cavaliers,32,50,0.39,20.0,102.7,105.3,-2.64,1973
185,Milwaukee Bucks*,60,22,0.732,—,107.2,99.0,7.84,1973
186,Chicago Bulls*,51,31,0.622,9.0,104.1,100.6,3.43,1973
187,Detroit Pistons,40,42,0.488,20.0,110.3,110.0,0.54,1973
188,Kansas City-Omaha Kings,36,46,0.439,24.0,107.6,110.5,-2.36,1973
189,Los Angeles Lakers*,60,22,0.732,—,111.7,103.2,8.16,1973
190,Golden State Warriors*,47,35,0.573,13.0,108.8,105.7,3.12,1973
191,Phoenix Suns,38,44,0.463,22.0,111.6,112.9,-0.96,1973
192,Seattle SuperSonics,26,56,0.317,34.0,103.7,109.6,-5.33,1973
193,Portland Trail Blazers,21,61,0.256,39.0,106.2,112.4,-5.67,1973
194,Boston Celtics*,56,26,0.683,—,109.0,105.1,3.42,1974
195,New York Knicks*,49,33,0.598,7.0,101.3,98.5,2.42,1974
196,Buffalo Braves*,42,40,0.512,14.0,111.6,111.8,-0.19,1974
197,Philadelphia 76ers,25,57,0.305,31.0,101.2,107.5,-5.94,1974
198,Capital Bullets*,47,35,0.573,—,101.9,100.4,1.19,1974
199,Atlanta Hawks,35,47,0.427,12.0,108.6,110.0,-1.47,1974
200,Houston Rockets,32,50,0.39,15.0,107.4,107.6,-0.34,1974
201,Cleveland Cavaliers,29,53,0.354,18.0,100.3,104.6,-4.16,1974
202,Milwaukee Bucks*,59,23,0.72,—,107.1,99.0,7.61,1974
203,Chicago Bulls*,54,28,0.659,5.0,102.0,98.7,3.2,1974
204,Detroit Pistons*,52,30,0.634,7.0,104.4,100.3,4.02,1974
205,Kansas City-Omaha Kings,33,49,0.402,26.0,102.0,105.8,-3.24,1974
206,Los Angeles Lakers*,47,35,0.573,—,109.2,108.3,0.85,1974
207,Golden State Warriors,44,38,0.537,3.0,109.9,107.3,2.42,1974
208,Seattle SuperSonics,36,46,0.439,11.0,107.0,109.5,-2.29,1974
209,Phoenix Suns,30,52,0.366,17.0,107.9,111.5,-3.2,1974
210,Portland Trail Blazers,27,55,0.329,20.0,106.8,111.6,-4.3,1974
211,Boston Celtics*,60,22,0.732,—,106.5,100.8,5.4,1975
212,Buffalo Braves*,49,33,0.598,11.0,107.8,105.6,2.16,1975
213,New York Knicks*,40,42,0.488,20.0,100.4,101.7,-0.92,1975
214,Philadelphia 76ers,34,48,0.415,26.0,99.8,102.8,-2.6,1975
215,Washington Bullets*,60,22,0.732,—,104.7,97.5,6.53,1975
216,Houston Rockets*,41,41,0.5,19.0,103.9,102.9,0.84,1975
217,Cleveland Cavaliers,40,42,0.488,20.0,99.0,99.4,-0.31,1975
218,Atlanta Hawks,31,51,0.378,29.0,105.1,106.5,-1.32,1975
219,New Orleans Jazz,23,59,0.28,37.0,101.5,109.3,-7.3,1975
220,Chicago Bulls*,47,35,0.573,—,98.1,95.0,2.88,1975
221,Kansas City-Omaha Kings*,44,38,0.537,3.0,101.4,101.6,-0.16,1975
222,Detroit Pistons*,40,42,0.488,7.0,98.9,100.3,-1.19,1975
223,Milwaukee Bucks,38,44,0.463,9.0,100.7,100.5,0.25,1975
224,Golden State Warriors*,48,34,0.585,—,108.5,105.2,2.86,1975
225,Seattle SuperSonics*,43,39,0.524,5.0,103.1,104.1,-1.19,1975
226,Portland Trail Blazers,38,44,0.463,10.0,103.8,103.3,0.27,1975
227,Phoenix Suns,32,50,0.39,16.0,101.2,103.6,-2.36,1975
228,Los Angeles Lakers,30,52,0.366,18.0,103.2,107.2,-3.94,1975
229,Boston Celtics*,54,28,0.659,—,106.2,103.9,2.25,1976
230,Philadelphia 76ers*,46,36,0.561,8.0,106.5,106.3,0.33,1976
231,Buffalo Braves*,46,36,0.561,8.0,107.3,106.4,0.85,1976
232,New York Knicks,38,44,0.463,16.0,102.7,103.9,-1.05,1976
233,Cleveland Cavaliers*,49,33,0.598,—,101.7,99.2,2.34,1976
234,Washington Bullets*,48,34,0.585,1.0,102.8,100.4,2.2,1976
235,Houston Rockets,40,42,0.488,9.0,106.2,107.0,-0.71,1976
236,New Orleans Jazz,38,44,0.463,11.0,104.1,105.0,-0.74,1976
237,Atlanta Hawks,29,53,0.354,20.0,102.6,105.5,-2.66,1976
238,Milwaukee Bucks*,38,44,0.463,—,101.8,103.3,-1.55,1976
239,Detroit Pistons*,36,46,0.439,2.0,104.9,106.0,-1.18,1976
240,Kansas City Kings,31,51,0.378,7.0,103.3,106.2,-2.83,1976
241,Chicago Bulls,24,58,0.293,14.0,95.9,98.8,-2.89,1976
242,Golden State Warriors*,59,23,0.72,—,109.8,103.1,6.23,1976
243,Seattle SuperSonics*,43,39,0.524,16.0,106.4,106.7,-0.15,1976
244,Phoenix Suns*,42,40,0.512,17.0,105.1,104.5,0.59,1976
245,Los Angeles Lakers,40,42,0.488,19.0,106.9,106.8,0.18,1976
246,Portland Trail Blazers,37,45,0.451,22.0,104.1,105.3,-1.11,1976
247,Philadelphia 76ers*,50,32,0.61,—,110.2,106.2,3.78,1977
248,Boston Celtics*,44,38,0.537,6.0,104.5,106.5,-1.9,1977
249,New York Knicks,40,42,0.488,10.0,108.6,108.6,0.01,1977
250,Buffalo Braves,30,52,0.366,20.0,105.0,109.5,-4.28,1977
251,New York Nets,22,60,0.268,28.0,95.9,102.7,-6.54,1977
252,Houston Rockets*,49,33,0.598,—,106.4,104.8,1.44,1977
253,Washington Bullets*,48,34,0.585,1.0,105.5,104.5,0.9,1977
254,San Antonio Spurs*,44,38,0.537,5.0,115.0,114.4,0.53,1977
255,Cleveland Cavaliers*,43,39,0.524,6.0,102.1,101.0,1.08,1977
256,New Orleans Jazz,35,47,0.427,14.0,104.6,107.4,-2.68,1977
257,Atlanta Hawks,31,51,0.378,18.0,102.4,106.4,-3.87,1977
258,Denver Nuggets*,50,32,0.61,—,112.6,107.4,4.95,1977
259,Detroit Pistons*,44,38,0.537,6.0,109.4,110.4,-1.0,1977
260,Chicago Bulls*,44,38,0.537,6.0,98.9,98.0,0.92,1977
261,Kansas City Kings,40,42,0.488,10.0,107.7,106.8,0.93,1977
262,Indiana Pacers,36,46,0.439,14.0,106.8,108.6,-1.68,1977
263,Milwaukee Bucks,30,52,0.366,20.0,108.4,111.5,-2.99,1977
264,Los Angeles Lakers*,53,29,0.646,—,106.9,104.1,2.64,1977
265,Portland Trail Blazers*,49,33,0.598,4.0,111.7,106.2,5.39,1977
266,Golden State Warriors*,46,36,0.561,7.0,110.9,107.7,3.1,1977
267,Seattle SuperSonics,40,42,0.488,13.0,104.0,105.5,-1.43,1977
268,Phoenix Suns,34,48,0.415,19.0,104.9,104.2,0.64,1977
269,Philadelphia 76ers*,55,27,0.671,—,114.7,109.6,4.87,1978
270,New York Knicks*,43,39,0.524,12.0,113.4,114.0,-0.53,1978
271,Boston Celtics,32,50,0.39,23.0,105.7,107.7,-1.86,1978
272,Buffalo Braves,27,55,0.329,28.0,105.3,109.0,-3.55,1978
273,New Jersey Nets,24,58,0.293,31.0,106.7,112.5,-5.61,1978
274,San Antonio Spurs*,52,30,0.634,—,114.5,111.1,3.2,1978
275,Washington Bullets*,44,38,0.537,8.0,110.3,109.4,0.82,1978
276,Cleveland Cavaliers*,43,39,0.524,9.0,104.4,103.9,0.44,1978
277,Atlanta Hawks*,41,41,0.5,11.0,103.7,103.9,-0.13,1978
278,New Orleans Jazz,39,43,0.476,13.0,107.6,109.5,-1.8,1978
279,Houston Rockets,28,54,0.341,24.0,103.8,107.8,-3.83,1978
280,Denver Nuggets*,48,34,0.585,—,111.8,110.9,0.8,1978
281,Milwaukee Bucks*,44,38,0.537,4.0,112.4,113.0,-0.59,1978
282,Chicago Bulls,40,42,0.488,8.0,103.9,104.8,-0.79,1978
283,Detroit Pistons,38,44,0.463,10.0,109.0,110.2,-1.22,1978
284,Kansas City Kings,31,51,0.378,17.0,109.5,111.4,-1.76,1978
285,Indiana Pacers,31,51,0.378,17.0,108.6,111.1,-2.37,1978
286,Portland Trail Blazers*,58,24,0.707,—,107.7,101.5,5.92,1978
287,Phoenix Suns*,49,33,0.598,9.0,112.3,108.6,3.5,1978
288,Seattle SuperSonics*,47,35,0.573,11.0,104.5,102.9,1.48,1978
289,Los Angeles Lakers*,45,37,0.549,13.0,110.3,107.6,2.59,1978
290,Golden State Warriors,43,39,0.524,15.0,106.1,105.7,0.41,1978
291,Washington Bullets*,54,28,0.659,—,114.9,109.9,4.75,1979
292,Philadelphia 76ers*,47,35,0.573,7.0,109.5,107.7,1.74,1979
293,New Jersey Nets*,37,45,0.451,17.0,107.7,111.9,-4.0,1979
294,New York Knicks,31,51,0.378,23.0,107.7,111.1,-3.29,1979
295,Boston Celtics,29,53,0.354,25.0,108.2,113.3,-4.78,1979
296,San Antonio Spurs*,48,34,0.585,—,119.3,114.1,4.97,1979
297,Houston Rockets*,47,35,0.573,1.0,113.4,112.4,0.92,1979
298,Atlanta Hawks*,46,36,0.561,2.0,109.1,107.1,1.92,1979
299,Detroit Pistons,30,52,0.366,18.0,110.0,112.7,-2.6,1979
300,Cleveland Cavaliers,30,52,0.366,18.0,106.5,110.2,-3.57,1979
301,New Orleans Jazz,26,56,0.317,22.0,108.3,114.6,-5.97,1979
302,Kansas City Kings*,48,34,0.585,—,113.1,110.2,2.73,1979
303,Denver Nuggets*,47,35,0.573,1.0,110.7,109.5,1.24,1979
304,Milwaukee Bucks,38,44,0.463,10.0,114.1,111.8,2.12,1979
305,Indiana Pacers,38,44,0.463,10.0,108.6,110.2,-1.41,1979
306,Chicago Bulls,31,51,0.378,17.0,104.7,108.7,-3.78,1979
307,Seattle SuperSonics*,52,30,0.634,—,106.6,103.9,2.69,1979
308,Phoenix Suns*,50,32,0.61,2.0,115.4,111.7,3.55,1979
309,Los Angeles Lakers*,47,35,0.573,5.0,112.9,109.9,2.95,1979
310,Portland Trail Blazers*,45,37,0.549,7.0,108.4,107.1,1.12,1979
311,San Diego Clippers,43,39,0.524,9.0,113.1,114.9,-1.76,1979
312,Golden State Warriors,38,44,0.463,14.0,105.1,104.8,0.46,1979
313,Boston Celtics*,61,21,0.744,—,113.5,105.7,7.37,1980
314,Philadelphia 76ers*,59,23,0.72,2.0,109.1,104.9,4.04,1980
315,Washington Bullets*,39,43,0.476,22.0,107.0,109.5,-2.27,1980
316,New York Knicks,39,43,0.476,22.0,114.0,115.1,-0.96,1980
317,New Jersey Nets,34,48,0.415,27.0,108.3,109.5,-0.98,1980
318,Atlanta Hawks*,50,32,0.61,—,104.5,101.6,2.83,1980
319,Houston Rockets*,41,41,0.5,9.0,110.8,110.6,0.27,1980
320,San Antonio Spurs*,41,41,0.5,9.0,119.4,119.7,-0.24,1980
321,Indiana Pacers,37,45,0.451,13.0,111.2,111.9,-0.54,1980
322,Cleveland Cavaliers,37,45,0.451,13.0,114.1,113.8,0.43,1980
323,Detroit Pistons,16,66,0.195,34.0,108.9,117.2,-7.57,1980
324,Milwaukee Bucks*,49,33,0.598,—,110.1,106.1,3.57,1980
325,Kansas City Kings*,47,35,0.573,2.0,108.0,104.9,2.82,1980
326,Denver Nuggets,30,52,0.366,19.0,108.3,112.7,-4.22,1980
327,Chicago Bulls,30,52,0.366,19.0,107.5,110.2,-2.63,1980
328,Utah Jazz,24,58,0.293,25.0,102.4,108.4,-5.71,1980
329,Los Angeles Lakers*,60,22,0.732,—,115.1,109.2,5.4,1980
330,Seattle SuperSonics*,56,26,0.683,4.0,108.5,103.8,4.24,1980
331,Phoenix Suns*,55,27,0.671,5.0,111.1,107.5,3.25,1980
332,Portland Trail Blazers*,38,44,0.463,22.0,102.5,103.3,-0.87,1980
333,San Diego Clippers,35,47,0.427,25.0,107.6,111.7,-3.97,1980
334,Golden State Warriors,24,58,0.293,36.0,103.6,108.0,-4.2,1980
335,Boston Celtics*,62,20,0.756,—,109.9,104.0,6.05,1981
336,Philadelphia 76ers*,62,20,0.756,—,111.7,103.8,7.76,1981
337,New York Knicks*,50,32,0.61,12.0,107.9,106.3,2.0,1981
338,Washington Bullets,39,43,0.476,23.0,105.6,105.6,0.42,1981
339,New Jersey Nets,24,58,0.293,38.0,106.9,113.0,-5.15,1981
340,Milwaukee Bucks*,60,22,0.732,—,113.1,105.9,7.14,1981
341,Chicago Bulls*,45,37,0.549,15.0,109.0,107.0,2.34,1981
342,Indiana Pacers*,44,38,0.537,16.0,107.6,106.2,1.72,1981
343,Atlanta Hawks,31,51,0.378,29.0,104.9,108.0,-2.37,1981
344,Cleveland Cavaliers,28,54,0.341,32.0,105.7,110.6,-4.15,1981
345,Detroit Pistons,21,61,0.256,39.0,99.7,106.0,-5.58,1981
346,San Antonio Spurs*,52,30,0.634,—,112.3,109.4,2.18,1981
347,Kansas City Kings*,40,42,0.488,12.0,106.9,106.9,-0.49,1981
348,Houston Rockets*,40,42,0.488,12.0,108.3,107.9,-0.2,1981
349,Denver Nuggets,37,45,0.451,15.0,121.8,122.3,-0.95,1981
350,Utah Jazz,28,54,0.341,24.0,101.2,107.1,-5.99,1981
351,Dallas Mavericks,15,67,0.183,37.0,101.5,109.9,-8.33,1981
352,Phoenix Suns*,57,25,0.695,—,110.0,104.5,4.83,1981
353,Los Angeles Lakers*,54,28,0.659,3.0,111.2,107.3,3.27,1981
354,Portland Trail Blazers*,45,37,0.549,12.0,110.7,109.8,0.52,1981
355,Golden State Warriors,39,43,0.476,18.0,109.8,111.0,-1.41,1981
356,San Diego Clippers,36,46,0.439,21.0,106.5,108.1,-1.78,1981
357,Seattle SuperSonics,34,48,0.415,23.0,104.0,105.7,-1.84,1981
358,Boston Celtics*,63,19,0.768,—,112.0,105.6,6.35,1982
359,Philadelphia 76ers*,58,24,0.707,5.0,111.2,105.5,5.74,1982
360,New Jersey Nets*,44,38,0.537,19.0,106.7,106.0,0.87,1982
361,Washington Bullets*,43,39,0.524,20.0,103.5,102.6,1.06,1982
362,New York Knicks,33,49,0.402,30.0,106.2,108.9,-2.15,1982
363,Milwaukee Bucks*,55,27,0.671,—,108.4,102.9,5.38,1982
364,Atlanta Hawks*,42,40,0.512,13.0,101.0,100.5,0.81,1982
365,Detroit Pistons,39,43,0.476,16.0,111.1,112.0,-0.63,1982
366,Indiana Pacers,35,47,0.427,20.0,102.2,104.0,-1.49,1982
367,Chicago Bulls,34,48,0.415,21.0,106.6,108.6,-1.57,1982
368,Cleveland Cavaliers,15,67,0.183,40.0,103.2,111.7,-7.77,1982
369,San Antonio Spurs*,48,34,0.585,—,113.1,110.8,1.79,1982
370,Denver Nuggets*,46,36,0.561,2.0,126.5,126.0,0.13,1982
371,Houston Rockets*,46,36,0.561,2.0,105.9,105.9,-0.39,1982
372,Kansas City Kings,30,52,0.366,18.0,107.1,110.2,-3.25,1982
373,Dallas Mavericks,28,54,0.341,20.0,104.6,109.0,-4.48,1982
374,Utah Jazz,25,57,0.305,23.0,110.9,116.6,-5.63,1982
375,Los Angeles Lakers*,57,25,0.695,—,114.6,109.8,4.37,1982
376,Seattle SuperSonics*,52,30,0.634,5.0,107.3,103.1,3.69,1982
377,Phoenix Suns*,46,36,0.561,11.0,106.2,102.7,3.05,1982
378,Golden State Warriors,45,37,0.549,12.0,110.9,109.8,0.8,1982
379,Portland Trail Blazers,42,40,0.512,15.0,109.8,109.2,0.39,1982
380,San Diego Clippers,17,65,0.207,40.0,108.5,115.9,-7.05,1982
381,Philadelphia 76ers*,65,17,0.793,—,112.1,104.4,7.53,1983
382,Boston Celtics*,56,26,0.683,9.0,112.1,106.7,5.34,1983
383,New Jersey Nets*,49,33,0.598,16.0,105.8,103.0,2.77,1983
384,New York Knicks*,44,38,0.537,21.0,100.0,97.5,2.58,1983
385,Washington Bullets,42,40,0.512,23.0,99.2,99.3,0.2,1983
386,Milwaukee Bucks*,51,31,0.622,—,106.6,102.2,4.32,1983
387,Atlanta Hawks*,43,39,0.524,8.0,101.6,102.6,-0.72,1983
388,Detroit Pistons,37,45,0.451,14.0,112.7,113.1,-0.17,1983
389,Chicago Bulls,28,54,0.341,23.0,111.0,115.9,-4.41,1983
390,Cleveland Cavaliers,23,59,0.28,28.0,97.1,104.6,-6.78,1983
391,Indiana Pacers,20,62,0.244,31.0,108.7,114.5,-5.36,1983
392,San Antonio Spurs*,53,29,0.646,—,114.3,110.7,3.1,1983
393,Denver Nuggets*,45,37,0.549,8.0,123.2,122.6,0.27,1983
394,Kansas City Kings,45,37,0.549,8.0,113.8,112.3,1.04,1983
395,Dallas Mavericks,38,44,0.463,15.0,112.7,113.1,-0.7,1983
396,Utah Jazz,30,52,0.366,23.0,109.0,113.2,-4.22,1983
397,Houston Rockets,14,68,0.171,39.0,99.3,110.9,-11.12,1983
398,Los Angeles Lakers*,58,24,0.707,—,115.0,109.5,5.06,1983
399,Phoenix Suns*,53,29,0.646,5.0,107.0,102.0,4.61,1983
400,Seattle SuperSonics*,48,34,0.585,10.0,110.0,106.8,2.88,1983
401,Portland Trail Blazers*,46,36,0.561,12.0,107.4,105.3,1.88,1983
402,Golden State Warriors,30,52,0.366,28.0,108.6,112.3,-3.48,1983
403,San Diego Clippers,25,57,0.305,33.0,108.6,113.4,-4.61,1983
404,Boston Celtics*,62,20,0.756,—,112.1,105.6,6.42,1984
405,Philadelphia 76ers*,52,30,0.634,10.0,107.8,105.6,2.39,1984
406,New York Knicks*,47,35,0.573,15.0,106.9,103.0,3.79,1984
407,New Jersey Nets*,45,37,0.549,17.0,110.0,108.9,1.27,1984
408,Washington Bullets*,35,47,0.427,27.0,102.7,105.6,-2.36,1984
409,Milwaukee Bucks*,50,32,0.61,—,105.7,101.5,4.04,1984
410,Detroit Pistons*,49,33,0.598,1.0,117.1,113.5,3.52,1984
411,Atlanta Hawks*,40,42,0.488,10.0,101.5,102.8,-1.08,1984
412,Cleveland Cavaliers,28,54,0.341,22.0,102.3,106.5,-3.71,1984
413,Chicago Bulls,27,55,0.329,23.0,103.7,108.9,-4.69,1984
414,Indiana Pacers,26,56,0.317,24.0,104.5,109.3,-4.25,1984
415,Utah Jazz*,45,37,0.549,—,115.0,113.8,0.81,1984
416,Dallas Mavericks*,43,39,0.524,2.0,110.4,110.0,0.15,1984
417,Denver Nuggets*,38,44,0.463,7.0,123.7,124.8,-1.27,1984
418,Kansas City Kings*,38,44,0.463,7.0,110.0,111.5,-1.62,1984
419,San Antonio Spurs,37,45,0.451,8.0,120.3,120.5,-0.5,1984
420,Houston Rockets,29,53,0.354,16.0,110.6,113.7,-3.12,1984
421,Los Angeles Lakers*,54,28,0.659,—,115.6,111.8,3.32,1984
422,Portland Trail Blazers*,48,34,0.585,6.0,113.1,109.6,3.13,1984
423,Seattle SuperSonics*,42,40,0.512,12.0,108.1,108.3,-0.34,1984
424,Phoenix Suns*,41,41,0.5,13.0,111.0,110.1,0.65,1984
425,Golden State Warriors,37,45,0.451,17.0,109.9,113.3,-3.35,1984
426,San Diego Clippers,30,52,0.366,24.0,110.7,114.0,-3.21,1984
427,Boston Celtics*,63,19,0.768,—,114.8,108.1,6.47,1985
428,Philadelphia 76ers*,58,24,0.707,5.0,112.9,108.8,4.17,1985
429,New Jersey Nets*,42,40,0.512,21.0,109.5,109.2,0.64,1985
430,Washington Bullets*,40,42,0.488,23.0,105.5,105.8,0.15,1985
431,New York Knicks,24,58,0.293,39.0,105.2,109.8,-4.09,1985
432,Milwaukee Bucks*,59,23,0.72,—,110.9,104.0,6.69,1985
433,Detroit Pistons*,46,36,0.561,13.0,116.0,113.5,2.73,1985
434,Chicago Bulls*,38,44,0.463,21.0,108.7,109.6,-0.5,1985
435,Cleveland Cavaliers*,36,46,0.439,23.0,108.6,111.3,-2.27,1985
436,Atlanta Hawks,34,48,0.415,25.0,106.6,108.1,-1.14,1985
437,Indiana Pacers,22,60,0.268,37.0,108.3,114.5,-5.46,1985
438,Denver Nuggets*,52,30,0.634,—,120.0,117.6,2.05,1985
439,Houston Rockets*,48,34,0.585,4.0,111.2,109.5,1.38,1985
440,Dallas Mavericks*,44,38,0.537,8.0,111.2,109.0,1.8,1985
441,Utah Jazz*,41,41,0.5,11.0,109.0,109.1,-0.33,1985
442,San Antonio Spurs*,41,41,0.5,11.0,114.8,113.9,0.63,1985
443,Kansas City Kings,31,51,0.378,21.0,114.8,117.5,-2.71,1985
444,Los Angeles Lakers*,62,20,0.756,—,118.2,110.9,6.48,1985
445,Portland Trail Blazers*,42,40,0.512,20.0,115.5,112.1,2.8,1985
446,Phoenix Suns*,36,46,0.439,26.0,108.0,110.1,-2.34,1985
447,Seattle SuperSonics,31,51,0.378,31.0,102.1,107.6,-5.44,1985
448,Los Angeles Clippers,31,51,0.378,31.0,107.1,111.6,-4.55,1985
449,Golden State Warriors,22,60,0.268,40.0,110.4,117.7,-7.21,1985
450,Boston Celtics*,67,15,0.817,—,114.1,104.7,9.06,1986
451,Philadelphia 76ers*,54,28,0.659,13.0,110.4,108.0,2.46,1986
452,Washington Bullets*,39,43,0.476,28.0,103.0,104.8,-1.28,1986
453,New Jersey Nets*,39,43,0.476,28.0,109.1,111.1,-1.39,1986
454,New York Knicks,23,59,0.28,44.0,98.7,104.3,-4.82,1986
455,Milwaukee Bucks*,57,25,0.695,—,114.5,105.5,8.69,1986
456,Atlanta Hawks*,50,32,0.61,7.0,108.6,106.2,2.59,1986
457,Detroit Pistons*,46,36,0.561,11.0,114.2,113.0,1.44,1986
458,Chicago Bulls*,30,52,0.366,27.0,109.3,113.1,-3.12,1986
459,Cleveland Cavaliers,29,53,0.354,28.0,107.8,110.6,-2.19,1986
460,Indiana Pacers,26,56,0.317,31.0,103.9,107.2,-2.66,1986
461,Houston Rockets*,51,31,0.622,—,114.4,111.8,2.1,1986
462,Denver Nuggets*,47,35,0.573,4.0,114.8,113.5,0.89,1986
463,Dallas Mavericks*,44,38,0.537,7.0,115.3,114.2,0.7,1986
464,Utah Jazz*,42,40,0.512,9.0,108.2,108.5,-0.67,1986
465,Sacramento Kings*,37,45,0.451,14.0,108.8,111.9,-3.19,1986
466,San Antonio Spurs*,35,47,0.427,16.0,111.2,113.1,-2.06,1986
467,Los Angeles Lakers*,62,20,0.756,—,117.3,109.5,6.84,1986
468,Portland Trail Blazers*,40,42,0.488,22.0,115.1,114.0,0.61,1986
469,Phoenix Suns,32,50,0.39,30.0,110.0,113.0,-3.16,1986
470,Los Angeles Clippers,32,50,0.39,30.0,108.6,115.5,-6.83,1986
471,Seattle SuperSonics,31,51,0.378,31.0,104.4,104.5,-0.47,1986
472,Golden State Warriors,30,52,0.366,32.0,113.4,116.9,-3.59,1986
473,Boston Celtics*,59,23,0.72,—,112.6,106.0,6.57,1987
474,Philadelphia 76ers*,45,37,0.549,14.0,106.5,106.6,0.11,1987
475,Washington Bullets*,42,40,0.512,17.0,106.0,107.3,-1.02,1987
476,New Jersey Nets,24,58,0.293,35.0,108.5,113.5,-4.42,1987
477,New York Knicks,24,58,0.293,35.0,103.8,110.0,-5.42,1987
478,Atlanta Hawks*,57,25,0.695,—,110.0,102.8,7.18,1987
479,Detroit Pistons*,52,30,0.634,5.0,111.2,107.8,3.51,1987
480,Milwaukee Bucks*,50,32,0.61,7.0,110.4,106.5,4.04,1987
481,Indiana Pacers*,41,41,0.5,16.0,106.1,106.7,-0.17,1987
482,Chicago Bulls*,40,42,0.488,17.0,104.8,103.9,1.26,1987
483,Cleveland Cavaliers,31,51,0.378,26.0,104.4,108.2,-3.19,1987
484,Dallas Mavericks*,55,27,0.671,—,116.7,110.4,5.54,1987
485,Utah Jazz*,44,38,0.537,11.0,107.9,107.5,0.04,1987
486,Houston Rockets*,42,40,0.512,13.0,106.9,105.9,0.6,1987
487,Denver Nuggets*,37,45,0.451,18.0,116.7,117.6,-1.14,1987
488,Sacramento Kings,29,53,0.354,26.0,110.9,114.1,-3.34,1987
489,San Antonio Spurs,28,54,0.341,27.0,108.3,113.4,-5.09,1987
490,Los Angeles Lakers*,65,17,0.793,—,117.8,108.5,8.32,1987
491,Portland Trail Blazers*,49,33,0.598,16.0,117.9,114.8,2.57,1987
492,Golden State Warriors*,42,40,0.512,23.0,112.0,114.4,-2.54,1987
493,Seattle SuperSonics*,39,43,0.476,26.0,113.7,113.3,0.08,1987
494,Phoenix Suns,36,46,0.439,29.0,111.1,113.5,-2.63,1987
495,Los Angeles Clippers,12,70,0.146,53.0,104.5,115.9,-11.0,1987
496,Boston Celtics*,57,25,0.695,—,113.6,107.7,6.15,1988
497,Washington Bullets*,38,44,0.463,19.0,105.5,106.3,-0.16,1988
498,New York Knicks*,38,44,0.463,19.0,105.5,106.0,0.14,1988
499,Philadelphia 76ers,36,46,0.439,21.0,105.7,107.1,-0.79,1988
500,New Jersey Nets,19,63,0.232,38.0,100.4,108.5,-6.98,1988
501,Detroit Pistons*,54,28,0.659,—,109.2,104.1,5.46,1988
502,Chicago Bulls*,50,32,0.61,4.0,105.0,101.6,3.76,1988
503,Atlanta Hawks*,50,32,0.61,4.0,107.9,104.3,4.02,1988
504,Milwaukee Bucks*,42,40,0.512,12.0,106.1,105.5,1.21,1988
505,Cleveland Cavaliers*,42,40,0.512,12.0,104.5,103.7,1.28,1988
506,Indiana Pacers,38,44,0.463,16.0,104.6,105.4,-0.18,1988
507,Denver Nuggets*,54,28,0.659,—,116.7,112.7,3.32,1988
508,Dallas Mavericks*,53,29,0.646,1.0,109.3,104.9,3.59,1988
509,Utah Jazz*,47,35,0.573,7.0,108.5,104.8,2.96,1988
510,Houston Rockets*,46,36,0.561,8.0,109.0,107.6,0.82,1988
511,San Antonio Spurs*,31,51,0.378,23.0,113.6,118.5,-5.02,1988
512,Sacramento Kings,24,58,0.293,30.0,108.0,113.7,-5.84,1988
513,Los Angeles Lakers*,62,20,0.756,—,112.8,107.0,4.81,1988
514,Portland Trail Blazers*,53,29,0.646,9.0,116.1,111.5,3.59,1988
515,Seattle SuperSonics*,44,38,0.537,18.0,111.4,109.3,1.29,1988
516,Phoenix Suns,28,54,0.341,34.0,108.5,113.0,-4.8,1988
517,Golden State Warriors,20,62,0.244,42.0,107.0,115.3,-8.38,1988
518,Los Angeles Clippers,17,65,0.207,45.0,98.8,109.1,-10.24,1988
519,New York Knicks*,52,30,0.634,—,116.7,112.9,3.62,1989
520,Philadelphia 76ers*,46,36,0.561,6.0,111.9,110.4,1.68,1989
521,Boston Celtics*,42,40,0.512,10.0,109.2,108.1,1.26,1989
522,Washington Bullets,40,42,0.488,12.0,108.3,110.4,-1.77,1989
523,New Jersey Nets,26,56,0.317,26.0,103.7,110.1,-5.69,1989
524,Charlotte Hornets,20,62,0.244,32.0,104.5,113.0,-7.74,1989
525,Detroit Pistons*,63,19,0.768,—,106.6,100.8,6.24,1989
526,Cleveland Cavaliers*,57,25,0.695,6.0,108.8,101.2,7.95,1989
527,Atlanta Hawks*,52,30,0.634,11.0,111.0,106.1,5.26,1989
528,Milwaukee Bucks*,49,33,0.598,14.0,108.9,105.3,4.11,1989
529,Chicago Bulls*,47,35,0.573,16.0,106.4,105.0,2.13,1989
530,Indiana Pacers,28,54,0.341,35.0,106.9,111.1,-3.0,1989
531,Utah Jazz*,51,31,0.622,—,104.7,99.7,4.01,1989
532,Houston Rockets*,45,37,0.549,6.0,108.5,107.5,0.22,1989
533,Denver Nuggets*,44,38,0.537,7.0,118.0,116.3,0.91,1989
534,Dallas Mavericks,38,44,0.463,13.0,103.5,104.7,-1.79,1989
535,San Antonio Spurs,21,61,0.256,30.0,105.5,112.8,-7.45,1989
536,Miami Heat,15,67,0.183,36.0,97.8,109.0,-11.13,1989
537,Los Angeles Lakers*,57,25,0.695,—,114.7,107.5,6.38,1989
538,Phoenix Suns*,55,27,0.671,2.0,118.6,110.9,6.84,1989
539,Seattle SuperSonics*,47,35,0.573,10.0,112.1,109.2,2.44,1989
540,Golden State Warriors*,43,39,0.524,14.0,116.6,116.9,-0.59,1989
541,Portland Trail Blazers*,39,43,0.476,18.0,114.6,113.1,0.92,1989
542,Sacramento Kings,27,55,0.329,30.0,105.5,111.0,-5.35,1989
543,Los Angeles Clippers,21,61,0.256,36.0,106.2,116.2,-9.5,1989
544,Philadelphia 76ers*,53,29,0.646,—,110.2,105.2,4.23,1990
545,Boston Celtics*,52,30,0.634,1.0,110.0,106.0,3.23,1990
546,New York Knicks*,45,37,0.549,8.0,108.3,106.9,0.78,1990
547,Washington Bullets,31,51,0.378,22.0,107.7,109.9,-2.43,1990
548,Miami Heat,18,64,0.22,35.0,100.6,110.3,-9.59,1990
549,New Jersey Nets,17,65,0.207,36.0,100.1,108.0,-7.82,1990
550,Detroit Pistons*,59,23,0.72,—,104.3,98.3,5.41,1990
551,Chicago Bulls*,55,27,0.671,4.0,109.5,106.2,2.74,1990
552,Milwaukee Bucks*,44,38,0.537,15.0,106.0,106.8,-1.06,1990
553,Cleveland Cavaliers*,42,40,0.512,17.0,102.6,102.9,-0.62,1990
554,Indiana Pacers*,42,40,0.512,17.0,109.3,109.1,-0.18,1990
555,Atlanta Hawks,41,41,0.5,18.0,108.5,107.5,0.64,1990
556,Orlando Magic,18,64,0.22,41.0,110.9,119.8,-8.73,1990
557,San Antonio Spurs*,56,26,0.683,—,106.3,102.8,3.58,1990
558,Utah Jazz*,55,27,0.671,1.0,106.8,102.0,4.82,1990
559,Dallas Mavericks*,47,35,0.573,9.0,102.2,102.2,0.42,1990
560,Denver Nuggets*,43,39,0.524,13.0,114.6,113.2,1.56,1990
561,Houston Rockets*,41,41,0.5,15.0,106.7,105.3,1.71,1990
562,Minnesota Timberwolves,22,60,0.268,34.0,95.2,99.4,-3.6,1990
563,Charlotte Hornets,19,63,0.232,37.0,100.4,108.2,-7.0,1990
564,Los Angeles Lakers*,63,19,0.768,—,110.7,103.9,6.74,1990
565,Portland Trail Blazers*,59,23,0.72,4.0,114.2,107.9,6.48,1990
566,Phoenix Suns*,54,28,0.659,9.0,114.9,107.8,7.09,1990
567,Seattle SuperSonics,41,41,0.5,22.0,106.9,105.9,1.4,1990
568,Golden State Warriors,37,45,0.451,26.0,116.3,119.4,-2.55,1990
569,Los Angeles Clippers,30,52,0.366,33.0,103.8,107.2,-2.8,1990
570,Sacramento Kings,23,59,0.28,40.0,101.7,106.8,-4.41,1990
571,Boston Celtics*,56,26,0.683,—,111.5,105.7,5.22,1991
572,Philadelphia 76ers*,44,38,0.537,12.0,105.4,105.6,-0.39,1991
573,New York Knicks*,39,43,0.476,17.0,103.1,103.3,-0.43,1991
574,Washington Bullets,30,52,0.366,26.0,101.4,106.4,-4.84,1991
575,New Jersey Nets,26,56,0.317,30.0,102.9,107.5,-4.53,1991
576,Miami Heat,24,58,0.293,32.0,101.8,107.8,-5.91,1991
577,Chicago Bulls*,61,21,0.744,—,110.0,101.0,8.57,1991
578,Detroit Pistons*,50,32,0.61,11.0,100.1,96.8,3.08,1991
579,Milwaukee Bucks*,48,34,0.585,13.0,106.4,104.0,2.33,1991
580,Atlanta Hawks*,43,39,0.524,18.0,109.8,109.0,0.72,1991
581,Indiana Pacers*,41,41,0.5,20.0,111.7,112.1,-0.37,1991
582,Cleveland Cavaliers,33,49,0.402,28.0,101.7,104.2,-2.33,1991
583,Charlotte Hornets,26,56,0.317,35.0,102.8,108.0,-4.95,1991
584,San Antonio Spurs*,55,27,0.671,—,107.1,102.6,4.3,1991
585,Utah Jazz*,54,28,0.659,1.0,104.0,100.7,3.18,1991
586,Houston Rockets*,52,30,0.634,3.0,106.7,103.2,3.27,1991
587,Orlando Magic,31,51,0.378,24.0,105.9,109.9,-3.79,1991
588,Minnesota Timberwolves,29,53,0.354,26.0,99.6,103.5,-3.75,1991
589,Dallas Mavericks,28,54,0.341,27.0,99.9,104.5,-4.27,1991
590,Denver Nuggets,20,62,0.244,35.0,119.9,130.8,-10.31,1991
591,Portland Trail Blazers*,63,19,0.768,—,114.7,106.0,8.47,1991
592,Los Angeles Lakers*,58,24,0.707,5.0,106.3,99.6,6.73,1991
593,Phoenix Suns*,55,27,0.671,8.0,114.0,107.5,6.49,1991
594,Golden State Warriors*,44,38,0.537,19.0,116.6,115.0,1.72,1991
595,Seattle SuperSonics*,41,41,0.5,22.0,106.6,105.4,1.31,1991
596,Los Angeles Clippers,31,51,0.378,32.0,103.5,107.0,-3.16,1991
597,Sacramento Kings,25,57,0.305,38.0,96.7,103.5,-6.27,1991
598,Boston Celtics*,51,31,0.622,—,106.6,103.0,3.41,1992
599,New York Knicks*,51,31,0.622,—,101.6,97.7,3.67,1992
600,New Jersey Nets*,40,42,0.488,11.0,105.4,107.1,-1.54,1992
601,Miami Heat*,38,44,0.463,13.0,105.0,109.2,-3.94,1992
602,Philadelphia 76ers,35,47,0.427,16.0,101.9,103.2,-1.34,1992
603,Washington Bullets,25,57,0.305,26.0,102.4,106.8,-4.35,1992
604,Orlando Magic,21,61,0.256,30.0,101.6,108.5,-6.52,1992
605,Chicago Bulls*,67,15,0.817,—,109.9,99.5,10.07,1992
606,Cleveland Cavaliers*,57,25,0.695,10.0,108.9,103.4,5.34,1992
607,Detroit Pistons*,48,34,0.585,19.0,98.9,96.9,2.06,1992
608,Indiana Pacers*,40,42,0.488,27.0,112.2,110.3,1.85,1992
609,Atlanta Hawks,38,44,0.463,29.0,106.2,107.7,-1.15,1992
610,Milwaukee Bucks,31,51,0.378,36.0,105.0,106.7,-1.46,1992
611,Charlotte Hornets,31,51,0.378,36.0,109.5,113.4,-3.57,1992
612,Utah Jazz*,55,27,0.671,—,108.3,101.9,5.7,1992
613,San Antonio Spurs*,47,35,0.573,8.0,104.0,100.6,2.81,1992
614,Houston Rockets,42,40,0.512,13.0,102.0,103.7,-1.94,1992
615,Denver Nuggets,24,58,0.293,31.0,99.7,107.6,-7.59,1992
616,Dallas Mavericks,22,60,0.268,33.0,97.6,105.3,-7.47,1992
617,Minnesota Timberwolves,15,67,0.183,40.0,100.5,107.5,-6.85,1992
618,Portland Trail Blazers*,57,25,0.695,—,111.4,104.1,6.94,1992
619,Golden State Warriors*,55,27,0.671,2.0,118.7,114.8,3.77,1992
620,Phoenix Suns*,53,29,0.646,4.0,112.1,106.2,5.68,1992
621,Seattle SuperSonics*,47,35,0.573,10.0,106.5,104.7,1.86,1992
622,Los Angeles Clippers*,45,37,0.549,12.0,102.9,101.9,1.1,1992
623,Los Angeles Lakers*,43,39,0.524,14.0,100.4,101.5,-0.95,1992
624,Sacramento Kings,29,53,0.354,28.0,104.3,110.3,-5.63,1992
625,New York Knicks*,60,22,0.732,—,101.6,95.4,5.87,1993
626,Boston Celtics*,48,34,0.585,12.0,103.7,102.8,0.93,1993
627,New Jersey Nets*,43,39,0.524,17.0,102.8,101.6,1.2,1993
628,Orlando Magic,41,41,0.5,19.0,105.5,104.2,1.35,1993
629,Miami Heat,36,46,0.439,24.0,103.6,104.7,-0.93,1993
630,Philadelphia 76ers,26,56,0.317,34.0,104.3,110.1,-5.25,1993
631,Washington Bullets,22,60,0.268,38.0,101.9,108.9,-6.49,1993
632,Chicago Bulls*,57,25,0.695,—,105.2,98.9,6.19,1993
633,Cleveland Cavaliers*,54,28,0.659,3.0,107.7,101.3,6.3,1993
634,Charlotte Hornets*,44,38,0.537,13.0,110.1,110.4,-0.02,1993
635,Atlanta Hawks*,43,39,0.524,14.0,107.5,108.4,-0.67,1993
636,Indiana Pacers*,41,41,0.5,16.0,107.8,106.1,1.77,1993
637,Detroit Pistons,40,42,0.488,17.0,100.6,102.0,-1.1,1993
638,Milwaukee Bucks,28,54,0.341,29.0,102.3,106.1,-3.26,1993
639,Houston Rockets*,55,27,0.671,—,104.0,99.8,3.57,1993
640,San Antonio Spurs*,49,33,0.598,6.0,105.5,102.8,2.21,1993
641,Utah Jazz*,47,35,0.573,8.0,106.2,104.0,1.74,1993
642,Denver Nuggets,36,46,0.439,19.0,105.2,106.9,-2.14,1993
643,Minnesota Timberwolves,19,63,0.232,36.0,98.1,105.9,-7.62,1993
644,Dallas Mavericks,11,71,0.134,44.0,99.3,114.5,-14.68,1993
645,Phoenix Suns*,62,20,0.756,—,113.4,106.7,6.27,1993
646,Seattle SuperSonics*,55,27,0.671,7.0,108.3,101.3,6.66,1993
647,Portland Trail Blazers*,51,31,0.622,11.0,108.5,105.4,2.92,1993
648,Los Angeles Clippers*,41,41,0.5,21.0,107.1,106.8,0.33,1993
649,Los Angeles Lakers*,39,43,0.476,23.0,104.2,105.5,-1.2,1993
650,Golden State Warriors,34,48,0.415,28.0,109.9,110.9,-0.94,1993
651,Sacramento Kings,25,57,0.305,37.0,107.9,111.1,-3.0,1993
652,New York Knicks*,57,25,0.695,—,98.5,91.5,6.48,1994
653,Orlando Magic*,50,32,0.61,7.0,105.7,101.8,3.68,1994
654,New Jersey Nets*,45,37,0.549,12.0,103.2,101.0,2.11,1994
655,Miami Heat*,42,40,0.512,15.0,103.4,100.7,2.4,1994
656,Boston Celtics,32,50,0.39,25.0,100.8,105.1,-4.28,1994
657,Philadelphia 76ers,25,57,0.305,32.0,98.0,105.6,-7.37,1994
658,Washington Bullets,24,58,0.293,33.0,100.4,107.7,-7.13,1994
659,Atlanta Hawks*,57,25,0.695,—,101.4,96.2,4.94,1994
660,Chicago Bulls*,55,27,0.671,2.0,98.0,94.9,2.87,1994
661,Indiana Pacers*,47,35,0.573,10.0,101.0,97.5,3.26,1994
662,Cleveland Cavaliers*,47,35,0.573,10.0,101.2,97.1,3.64,1994
663,Charlotte Hornets,41,41,0.5,16.0,106.5,106.7,-0.23,1994
664,Milwaukee Bucks,20,62,0.244,37.0,96.9,103.4,-6.24,1994
665,Detroit Pistons,20,62,0.244,37.0,96.9,104.7,-7.46,1994
666,Houston Rockets*,58,24,0.707,—,101.1,96.8,4.19,1994
667,San Antonio Spurs*,55,27,0.671,3.0,100.0,94.8,5.05,1994
668,Utah Jazz*,53,29,0.646,5.0,101.9,97.7,4.1,1994
669,Denver Nuggets*,42,40,0.512,16.0,100.3,98.8,1.54,1994
670,Minnesota Timberwolves,20,62,0.244,38.0,96.7,103.6,-6.55,1994
671,Dallas Mavericks,13,69,0.159,45.0,95.1,103.8,-8.19,1994
672,Seattle SuperSonics*,63,19,0.768,—,105.9,96.9,8.68,1994
673,Phoenix Suns*,56,26,0.683,7.0,108.2,103.4,4.68,1994
674,Golden State Warriors*,50,32,0.61,13.0,107.9,106.1,1.76,1994
675,Portland Trail Blazers*,47,35,0.573,16.0,107.3,104.6,2.6,1994
676,Los Angeles Lakers,33,49,0.402,30.0,100.4,104.7,-3.93,1994
677,Sacramento Kings,28,54,0.341,35.0,101.1,106.9,-5.32,1994
678,Los Angeles Clippers,27,55,0.329,36.0,103.0,108.7,-5.28,1994
679,Orlando Magic*,57,25,0.695,—,110.9,103.8,6.44,1995
680,New York Knicks*,55,27,0.671,2.0,98.2,95.1,2.78,1995
681,Boston Celtics*,35,47,0.427,22.0,102.8,104.7,-1.92,1995
682,Miami Heat,32,50,0.39,25.0,101.1,102.8,-1.85,1995
683,New Jersey Nets,30,52,0.366,27.0,98.1,101.2,-3.28,1995
684,Philadelphia 76ers,24,58,0.293,33.0,95.4,100.4,-5.06,1995
685,Washington Bullets,21,61,0.256,36.0,100.5,106.1,-5.56,1995
686,Indiana Pacers*,52,30,0.634,—,99.2,95.5,3.35,1995
687,Charlotte Hornets*,50,32,0.61,2.0,100.6,97.3,2.87,1995
688,Chicago Bulls*,47,35,0.573,5.0,101.5,96.7,4.32,1995
689,Cleveland Cavaliers*,43,39,0.524,9.0,90.5,89.8,0.55,1995
690,Atlanta Hawks*,42,40,0.512,10.0,96.6,95.3,1.06,1995
691,Milwaukee Bucks,34,48,0.415,18.0,99.3,103.7,-4.3,1995
692,Detroit Pistons,28,54,0.341,24.0,98.2,105.5,-7.08,1995
693,San Antonio Spurs*,62,20,0.756,—,106.6,100.6,5.9,1995
694,Utah Jazz*,60,22,0.732,2.0,106.4,98.4,7.76,1995
695,Houston Rockets*,47,35,0.573,15.0,103.5,101.4,2.32,1995
696,Denver Nuggets*,41,41,0.5,21.0,101.3,100.5,0.96,1995
697,Dallas Mavericks,36,46,0.439,26.0,103.2,106.1,-2.39,1995
698,Minnesota Timberwolves,21,61,0.256,41.0,94.2,103.2,-8.22,1995
699,Phoenix Suns*,59,23,0.72,—,110.6,106.8,3.86,1995
700,Seattle SuperSonics*,57,25,0.695,2.0,110.4,102.2,7.91,1995
701,Los Angeles Lakers*,48,34,0.585,11.0,105.1,105.3,-0.01,1995
702,Portland Trail Blazers*,44,38,0.537,15.0,103.1,99.2,3.8,1995
703,Sacramento Kings,39,43,0.476,20.0,98.2,99.2,-0.74,1995
704,Golden State Warriors,26,56,0.317,33.0,105.7,111.1,-4.9,1995
705,Los Angeles Clippers,17,65,0.207,42.0,96.7,105.8,-8.43,1995
706,Orlando Magic*,60,22,0.732,—,104.5,99.0,5.4,1996
707,New York Knicks*,47,35,0.573,13.0,97.2,94.9,2.24,1996
708,Miami Heat*,42,40,0.512,18.0,96.5,95.0,1.46,1996
709,Washington Bullets,39,43,0.476,21.0,102.5,101.5,0.99,1996
710,Boston Celtics,33,49,0.402,27.0,103.6,107.0,-3.37,1996
711,New Jersey Nets,30,52,0.366,30.0,93.7,97.9,-4.14,1996
712,Philadelphia 76ers,18,64,0.22,42.0,94.5,104.5,-9.45,1996
713,Chicago Bulls*,72,10,0.878,—,105.2,92.9,11.8,1996
714,Indiana Pacers*,52,30,0.634,20.0,99.3,96.1,3.11,1996
715,Cleveland Cavaliers*,47,35,0.573,25.0,91.1,88.5,2.49,1996
716,Atlanta Hawks*,46,36,0.561,26.0,98.3,97.1,1.29,1996
717,Detroit Pistons*,46,36,0.561,26.0,95.4,92.9,2.45,1996
718,Charlotte Hornets,41,41,0.5,31.0,102.8,103.4,-0.48,1996
719,Milwaukee Bucks,25,57,0.305,47.0,95.6,100.9,-4.92,1996
720,Toronto Raptors,21,61,0.256,51.0,97.5,105.0,-7.2,1996
721,San Antonio Spurs*,59,23,0.72,—,103.4,97.1,5.98,1996
722,Utah Jazz*,55,27,0.671,4.0,102.5,95.9,6.25,1996
723,Houston Rockets*,48,34,0.585,11.0,102.5,100.7,1.63,1996
724,Denver Nuggets,35,47,0.427,24.0,97.7,100.4,-2.62,1996
725,Minnesota Timberwolves,26,56,0.317,33.0,97.9,103.2,-5.14,1996
726,Dallas Mavericks,26,56,0.317,33.0,102.5,107.5,-4.71,1996
727,Vancouver Grizzlies,15,67,0.183,44.0,89.8,99.8,-9.55,1996
728,Seattle SuperSonics*,64,18,0.78,—,104.5,96.7,7.4,1996
729,Los Angeles Lakers*,53,29,0.646,11.0,102.9,98.5,4.21,1996
730,Portland Trail Blazers*,44,38,0.537,20.0,99.3,97.0,2.21,1996
731,Phoenix Suns*,41,41,0.5,23.0,104.3,104.0,0.28,1996
732,Sacramento Kings*,39,43,0.476,25.0,99.5,102.3,-2.62,1996
733,Golden State Warriors,36,46,0.439,28.0,101.6,103.1,-1.42,1996
734,Los Angeles Clippers,29,53,0.354,35.0,99.4,103.0,-3.46,1996
735,Miami Heat*,61,21,0.744,—,94.8,89.3,5.56,1997
736,New York Knicks*,57,25,0.695,4.0,95.4,92.2,3.31,1997
737,Orlando Magic*,45,37,0.549,16.0,94.1,94.5,-0.07,1997
738,Washington Bullets*,44,38,0.537,17.0,99.4,97.7,1.77,1997
739,New Jersey Nets,26,56,0.317,35.0,97.2,101.8,-3.89,1997
740,Philadelphia 76ers,22,60,0.268,39.0,100.2,106.7,-5.89,1997
741,Boston Celtics,15,67,0.183,46.0,100.6,107.9,-6.62,1997
742,Chicago Bulls*,69,13,0.841,—,103.1,92.3,10.7,1997
743,Atlanta Hawks*,56,26,0.683,13.0,94.8,89.4,5.52,1997
744,Detroit Pistons*,54,28,0.659,15.0,94.2,88.9,5.45,1997
745,Charlotte Hornets*,54,28,0.659,15.0,98.9,97.0,2.13,1997
746,Cleveland Cavaliers,42,40,0.512,27.0,87.5,85.6,2.32,1997
747,Indiana Pacers,39,43,0.476,30.0,95.4,94.4,1.49,1997
748,Milwaukee Bucks,33,49,0.402,36.0,95.3,97.2,-1.38,1997
749,Toronto Raptors,30,52,0.366,39.0,95.5,98.6,-2.56,1997
750,Utah Jazz*,64,18,0.78,—,103.1,94.3,7.97,1997
751,Houston Rockets*,57,25,0.695,7.0,100.6,96.1,3.85,1997
752,Minnesota Timberwolves*,40,42,0.488,24.0,96.1,97.6,-1.82,1997
753,Dallas Mavericks,24,58,0.293,40.0,90.6,97.0,-6.47,1997
754,Denver Nuggets,21,61,0.256,43.0,97.8,104.1,-6.4,1997
755,San Antonio Spurs,20,62,0.244,44.0,90.5,98.3,-7.93,1997
756,Vancouver Grizzlies,14,68,0.171,50.0,89.2,99.4,-10.17,1997
757,Seattle SuperSonics*,57,25,0.695,—,100.9,93.2,6.91,1997
758,Los Angeles Lakers*,56,26,0.683,1.0,100.0,95.7,3.66,1997
759,Portland Trail Blazers*,49,33,0.598,8.0,99.0,94.8,3.56,1997
760,Phoenix Suns*,40,42,0.488,17.0,102.8,102.2,0.21,1997
761,Los Angeles Clippers*,36,46,0.439,21.0,97.2,99.5,-2.66,1997
762,Sacramento Kings,34,48,0.415,23.0,96.4,99.8,-3.64,1997
763,Golden State Warriors,30,52,0.366,27.0,99.6,104.4,-4.9,1997
764,Miami Heat*,55,27,0.671,—,95.0,90.0,5.09,1998
765,New York Knicks*,43,39,0.524,12.0,91.6,89.1,2.74,1998
766,New Jersey Nets*,43,39,0.524,12.0,99.6,98.1,1.88,1998
767,Washington Wizards,42,40,0.512,13.0,97.2,96.6,1.11,1998
768,Orlando Magic,41,41,0.5,14.0,90.1,91.2,-0.53,1998
769,Boston Celtics,36,46,0.439,19.0,95.9,98.5,-1.96,1998
770,Philadelphia 76ers,31,51,0.378,24.0,93.3,95.7,-1.89,1998
771,Chicago Bulls*,62,20,0.756,—,96.7,89.6,7.24,1998
772,Indiana Pacers*,58,24,0.707,4.0,96.0,89.9,6.25,1998
773,Charlotte Hornets*,51,31,0.622,11.0,96.6,94.6,2.45,1998
774,Atlanta Hawks*,50,32,0.61,12.0,95.9,92.3,3.85,1998
775,Cleveland Cavaliers*,47,35,0.573,15.0,92.5,89.8,3.06,1998
776,Detroit Pistons,37,45,0.451,25.0,94.2,92.6,1.95,1998
777,Milwaukee Bucks,36,46,0.439,26.0,94.5,96.4,-1.33,1998
778,Toronto Raptors,16,66,0.195,46.0,94.9,104.2,-8.33,1998
779,Utah Jazz*,62,20,0.756,—,101.0,94.4,5.73,1998
780,San Antonio Spurs*,56,26,0.683,6.0,92.5,88.5,3.3,1998
781,Minnesota Timberwolves*,45,37,0.549,17.0,101.1,100.4,0.17,1998
782,Houston Rockets*,41,41,0.5,21.0,98.8,99.5,-1.23,1998
783,Dallas Mavericks,20,62,0.244,42.0,91.4,97.5,-6.33,1998
784,Vancouver Grizzlies,19,63,0.232,43.0,96.6,103.9,-7.47,1998
785,Denver Nuggets,11,71,0.134,51.0,89.0,100.8,-11.74,1998
786,Seattle SuperSonics*,61,21,0.744,—,100.6,93.4,6.33,1998
787,Los Angeles Lakers*,61,21,0.744,—,105.5,97.8,6.88,1998
788,Phoenix Suns*,56,26,0.683,5.0,99.6,94.4,4.44,1998
789,Portland Trail Blazers*,46,36,0.561,15.0,94.3,92.9,0.83,1998
790,Sacramento Kings,27,55,0.329,34.0,93.1,98.7,-5.83,1998
791,Golden State Warriors,19,63,0.232,42.0,88.3,97.4,-9.2,1998
792,Los Angeles Clippers,17,65,0.207,44.0,95.9,103.3,-7.53,1998
793,Miami Heat*,33,17,0.66,—,89.0,84.0,5.11,1999
794,Orlando Magic*,33,17,0.66,—,89.5,86.9,3.11,1999
795,Philadelphia 76ers*,28,22,0.56,5.0,89.7,87.6,2.56,1999
796,New York Knicks*,27,23,0.54,6.0,86.4,85.4,1.45,1999
797,Boston Celtics,19,31,0.38,14.0,93.0,94.9,-1.75,1999
798,Washington Wizards,18,32,0.36,15.0,91.2,93.4,-1.75,1999
799,New Jersey Nets,16,34,0.32,17.0,91.4,95.2,-3.2,1999
800,Indiana Pacers*,33,17,0.66,—,94.7,90.9,3.86,1999
801,Atlanta Hawks*,31,19,0.62,2.0,86.3,83.4,2.82,1999
802,Detroit Pistons*,29,21,0.58,4.0,90.4,86.9,3.97,1999
803,Milwaukee Bucks*,28,22,0.56,5.0,91.7,90.0,1.66,1999
804,Charlotte Hornets,26,24,0.52,7.0,92.9,93.0,0.63,1999
805,Toronto Raptors,23,27,0.46,10.0,91.1,92.8,-1.32,1999
806,Cleveland Cavaliers,22,28,0.44,11.0,86.4,88.2,-0.94,1999
807,Chicago Bulls,13,37,0.26,20.0,81.9,91.4,-8.58,1999
808,San Antonio Spurs*,37,13,0.74,—,92.8,84.7,7.12,1999
809,Utah Jazz*,37,13,0.74,—,93.3,86.8,5.54,1999
810,Houston Rockets*,31,19,0.62,6.0,94.2,91.9,1.39,1999
811,Minnesota Timberwolves*,25,25,0.5,12.0,92.9,92.6,-0.17,1999
812,Dallas Mavericks,19,31,0.38,18.0,91.6,94.0,-2.5,1999
813,Denver Nuggets,14,36,0.28,23.0,93.5,100.1,-6.67,1999
814,Vancouver Grizzlies,8,42,0.16,29.0,88.9,97.5,-8.94,1999
815,Portland Trail Blazers*,35,15,0.7,—,94.8,88.5,5.67,1999
816,Los Angeles Lakers*,31,19,0.62,4.0,99.0,96.0,2.68,1999
817,Phoenix Suns*,27,23,0.54,8.0,95.6,93.3,2.15,1999
818,Sacramento Kings*,27,23,0.54,8.0,100.2,100.6,-0.89,1999
819,Seattle SuperSonics,25,25,0.5,10.0,94.9,95.9,-1.43,1999
820,Golden State Warriors,21,29,0.42,14.0,88.3,90.8,-2.63,1999
821,Los Angeles Clippers,9,41,0.18,26.0,90.4,99.2,-8.94,1999
822,Miami Heat*,52,30,0.634,—,94.4,91.3,2.75,2000
823,New York Knicks*,50,32,0.61,2.0,92.1,90.7,1.3,2000
824,Philadelphia 76ers*,49,33,0.598,3.0,94.8,93.4,1.02,2000
825,Orlando Magic,41,41,0.5,11.0,100.1,99.4,0.43,2000
826,Boston Celtics,35,47,0.427,17.0,99.3,100.1,-1.0,2000
827,New Jersey Nets,31,51,0.378,21.0,98.0,99.0,-1.18,2000
828,Washington Wizards,29,53,0.354,23.0,96.6,99.9,-3.47,2000
829,Indiana Pacers*,56,26,0.683,—,101.3,96.7,4.15,2000
830,Charlotte Hornets*,49,33,0.598,7.0,98.4,95.8,2.33,2000
831,Toronto Raptors*,45,37,0.549,11.0,97.2,97.3,-0.46,2000
832,Detroit Pistons*,42,40,0.512,14.0,103.5,102.0,1.13,2000
833,Milwaukee Bucks*,42,40,0.512,14.0,101.2,101.0,-0.06,2000
834,Cleveland Cavaliers,32,50,0.39,24.0,97.0,100.5,-3.64,2000
835,Atlanta Hawks,28,54,0.341,28.0,94.3,99.7,-5.41,2000
836,Chicago Bulls,17,65,0.207,39.0,84.8,94.2,-9.23,2000
837,Utah Jazz*,55,27,0.671,—,96.5,92.0,4.52,2000
838,San Antonio Spurs*,53,29,0.646,2.0,96.2,90.2,5.92,2000
839,Minnesota Timberwolves*,50,32,0.61,5.0,98.5,96.0,2.67,2000
840,Dallas Mavericks,40,42,0.488,15.0,101.4,102.0,-0.29,2000
841,Denver Nuggets,35,47,0.427,20.0,99.0,101.1,-1.76,2000
842,Houston Rockets,34,48,0.415,21.0,99.5,100.3,-0.57,2000
843,Vancouver Grizzlies,22,60,0.268,33.0,93.9,99.5,-5.1,2000
844,Los Angeles Lakers*,67,15,0.817,—,100.8,92.3,8.41,2000
845,Portland Trail Blazers*,59,23,0.72,8.0,97.5,91.0,6.36,2000
846,Phoenix Suns*,53,29,0.646,14.0,98.9,93.7,5.24,2000
847,Seattle SuperSonics*,45,37,0.549,22.0,99.1,98.1,1.17,2000
848,Sacramento Kings*,44,38,0.537,23.0,105.0,102.0,3.04,2000
849,Golden State Warriors,19,63,0.232,48.0,95.5,103.8,-7.63,2000
850,Los Angeles Clippers,15,67,0.183,52.0,92.0,103.5,-10.73,2000
851,Philadelphia 76ers*,56,26,0.683,—,94.7,90.4,3.64,2001
852,Miami Heat*,50,32,0.61,6.0,88.9,86.6,1.73,2001
853,New York Knicks*,48,34,0.585,8.0,88.7,86.1,1.98,2001
854,Orlando Magic*,43,39,0.524,13.0,97.5,96.5,0.39,2001
855,Boston Celtics,36,46,0.439,20.0,94.6,96.8,-2.4,2001
856,New Jersey Nets,26,56,0.317,30.0,92.1,97.1,-5.3,2001
857,Washington Wizards,19,63,0.232,37.0,93.2,99.9,-6.75,2001
858,Milwaukee Bucks*,52,30,0.634,—,100.7,96.9,3.14,2001
859,Toronto Raptors*,47,35,0.573,5.0,97.6,95.4,1.69,2001
860,Charlotte Hornets*,46,36,0.561,6.0,91.9,89.8,1.45,2001
861,Indiana Pacers*,41,41,0.5,11.0,92.6,92.8,-0.77,2001
862,Detroit Pistons,32,50,0.39,20.0,95.6,97.3,-2.08,2001
863,Cleveland Cavaliers,30,52,0.366,22.0,92.2,96.5,-4.48,2001
864,Atlanta Hawks,25,57,0.305,27.0,91.0,96.2,-5.55,2001
865,Chicago Bulls,15,67,0.183,37.0,87.6,96.7,-9.09,2001
866,San Antonio Spurs*,58,24,0.707,—,96.2,88.4,7.92,2001
867,Utah Jazz*,53,29,0.646,5.0,97.1,92.4,5.0,2001
868,Dallas Mavericks*,53,29,0.646,5.0,100.5,96.2,4.61,2001
869,Minnesota Timberwolves*,47,35,0.573,11.0,97.3,96.0,1.81,2001
870,Houston Rockets,45,37,0.549,13.0,97.2,94.9,2.71,2001
871,Denver Nuggets,40,42,0.488,18.0,96.6,99.0,-1.83,2001
872,Vancouver Grizzlies,23,59,0.28,35.0,91.7,97.5,-4.94,2001
873,Los Angeles Lakers*,56,26,0.683,—,100.6,97.2,3.74,2001
874,Sacramento Kings*,55,27,0.671,1.0,101.7,95.9,6.07,2001
875,Phoenix Suns*,51,31,0.622,5.0,94.0,91.8,2.63,2001
876,Portland Trail Blazers*,50,32,0.61,6.0,95.4,91.2,4.52,2001
877,Seattle SuperSonics,44,38,0.537,12.0,97.3,97.3,0.55,2001
878,Los Angeles Clippers,31,51,0.378,25.0,92.5,95.3,-2.23,2001
879,Golden State Warriors,17,65,0.207,39.0,92.5,101.5,-8.11,2001
880,New Jersey Nets*,52,30,0.634,—,96.2,92.0,3.67,2002
881,Boston Celtics*,49,33,0.598,3.0,96.4,94.1,1.75,2002
882,Orlando Magic*,44,38,0.537,8.0,100.5,98.9,1.25,2002
883,Philadelphia 76ers*,43,39,0.524,9.0,91.0,89.4,1.27,2002
884,Washington Wizards,37,45,0.451,15.0,92.8,94.2,-1.58,2002
885,Miami Heat,36,46,0.439,16.0,87.2,88.7,-1.84,2002
886,New York Knicks,30,52,0.366,22.0,91.6,95.6,-4.15,2002
887,Detroit Pistons*,50,32,0.61,—,94.3,92.2,1.69,2002
888,Charlotte Hornets*,44,38,0.537,6.0,93.9,92.9,0.57,2002
889,Toronto Raptors*,42,40,0.512,8.0,91.4,91.8,-0.71,2002
890,Indiana Pacers*,42,40,0.512,8.0,96.8,96.5,-0.07,2002
891,Milwaukee Bucks,41,41,0.5,9.0,97.5,97.7,-0.62,2002
892,Atlanta Hawks,33,49,0.402,17.0,94.0,98.3,-4.41,2002
893,Cleveland Cavaliers,29,53,0.354,21.0,95.3,98.6,-3.52,2002
894,Chicago Bulls,21,61,0.256,29.0,89.5,98.0,-8.52,2002
895,San Antonio Spurs*,58,24,0.707,—,96.7,90.5,6.28,2002
896,Dallas Mavericks*,57,25,0.695,1.0,105.2,101.0,4.41,2002
897,Minnesota Timberwolves*,50,32,0.61,8.0,99.3,96.0,3.58,2002
898,Utah Jazz*,44,38,0.537,14.0,96.0,95.1,1.21,2002
899,Houston Rockets,28,54,0.341,30.0,92.3,97.2,-4.31,2002
900,Denver Nuggets,27,55,0.329,31.0,92.2,98.0,-5.19,2002
901,Memphis Grizzlies,23,59,0.28,35.0,89.9,97.3,-6.74,2002
902,Sacramento Kings*,61,21,0.744,—,104.6,97.0,7.61,2002
903,Los Angeles Lakers*,58,24,0.707,3.0,101.3,94.1,7.15,2002
904,Portland Trail Blazers*,49,33,0.598,12.0,96.6,93.7,3.21,2002
905,Seattle SuperSonics*,45,37,0.549,16.0,97.7,94.7,3.24,2002
906,Los Angeles Clippers,39,43,0.476,22.0,95.7,96.1,-0.09,2002
907,Phoenix Suns,36,46,0.439,25.0,95.1,95.8,-0.3,2002
908,Golden State Warriors,21,61,0.256,40.0,97.7,103.1,-4.8,2002
909,New Jersey Nets*,49,33,0.598,—,95.4,90.1,4.42,2003
910,Philadelphia 76ers*,48,34,0.585,1.0,96.8,94.5,1.76,2003
911,Boston Celtics*,44,38,0.537,5.0,92.7,93.1,-0.75,2003
912,Orlando Magic*,42,40,0.512,7.0,98.5,98.4,-0.39,2003
913,Washington Wizards,37,45,0.451,12.0,91.5,92.5,-1.47,2003
914,New York Knicks,37,45,0.451,12.0,95.9,97.2,-1.61,2003
915,Miami Heat,25,57,0.305,24.0,85.6,90.6,-5.13,2003
916,Detroit Pistons*,50,32,0.61,—,91.4,87.7,2.97,2003
917,Indiana Pacers*,48,34,0.585,2.0,96.8,93.3,2.79,2003
918,New Orleans Hornets*,47,35,0.573,3.0,93.9,91.8,1.52,2003
919,Milwaukee Bucks*,42,40,0.512,8.0,99.5,99.3,-0.24,2003
920,Atlanta Hawks,35,47,0.427,15.0,94.1,97.6,-3.87,2003
921,Chicago Bulls,30,52,0.366,20.0,95.0,100.1,-5.31,2003
922,Toronto Raptors,24,58,0.293,26.0,90.9,96.8,-6.1,2003
923,Cleveland Cavaliers,17,65,0.207,33.0,91.4,101.0,-9.59,2003
924,San Antonio Spurs*,60,22,0.732,—,95.8,90.4,5.65,2003
925,Dallas Mavericks*,60,22,0.732,—,103.0,95.2,7.9,2003
926,Minnesota Timberwolves*,51,31,0.622,9.0,98.1,96.0,2.46,2003
927,Utah Jazz*,47,35,0.573,13.0,94.7,92.3,2.76,2003
928,Houston Rockets,43,39,0.524,17.0,93.8,92.3,1.89,2003
929,Memphis Grizzlies,28,54,0.341,32.0,97.5,100.7,-2.6,2003
930,Denver Nuggets,17,65,0.207,43.0,84.2,92.4,-7.41,2003
931,Sacramento Kings*,59,23,0.72,—,101.7,95.2,6.68,2003
932,Los Angeles Lakers*,50,32,0.61,9.0,100.4,98.0,2.71,2003
933,Portland Trail Blazers*,50,32,0.61,9.0,95.2,92.5,2.97,2003
934,Phoenix Suns*,44,38,0.537,15.0,95.5,94.4,1.57,2003
935,Seattle SuperSonics,40,42,0.488,19.0,92.1,92.3,0.37,2003
936,Golden State Warriors,38,44,0.463,21.0,102.4,103.6,-0.6,2003
937,Los Angeles Clippers,27,55,0.329,32.0,93.8,97.9,-3.45,2003
938,New Jersey Nets*,47,35,0.573,—,90.3,87.8,1.88,2004
939,Miami Heat*,42,40,0.512,5.0,90.3,89.7,-0.13,2004
940,New York Knicks*,39,43,0.476,8.0,92.0,93.5,-1.97,2004
941,Boston Celtics*,36,46,0.439,11.0,95.3,96.7,-1.99,2004
942,Philadelphia 76ers,33,49,0.402,14.0,88.0,90.5,-2.95,2004
943,Washington Wizards,25,57,0.305,22.0,91.8,97.4,-6.12,2004
944,Orlando Magic,21,61,0.256,26.0,94.0,101.1,-7.25,2004
945,Indiana Pacers*,61,21,0.744,—,91.4,85.6,4.93,2004
946,Detroit Pistons*,54,28,0.659,7.0,90.1,84.3,5.04,2004
947,New Orleans Hornets*,41,41,0.5,20.0,91.8,91.9,-0.72,2004
948,Milwaukee Bucks*,41,41,0.5,20.0,98.0,97.0,0.42,2004
949,Cleveland Cavaliers,35,47,0.427,26.0,92.9,95.5,-3.07,2004
950,Toronto Raptors,33,49,0.402,28.0,85.4,88.5,-3.42,2004
951,Atlanta Hawks,28,54,0.341,33.0,92.8,97.5,-5.0,2004
952,Chicago Bulls,23,59,0.28,38.0,89.7,96.0,-6.69,2004
953,Minnesota Timberwolves*,58,24,0.707,—,94.5,89.1,5.86,2004
954,San Antonio Spurs*,57,25,0.695,1.0,91.5,84.3,7.51,2004
955,Dallas Mavericks*,52,30,0.634,6.0,105.2,100.8,4.86,2004
956,Memphis Grizzlies*,50,32,0.61,8.0,96.7,94.3,2.95,2004
957,Houston Rockets*,45,37,0.549,13.0,89.8,88.0,2.28,2004
958,Denver Nuggets*,43,39,0.524,15.0,97.2,96.1,1.65,2004
959,Utah Jazz,42,40,0.512,16.0,88.7,89.9,-0.53,2004
960,Los Angeles Lakers*,56,26,0.683,—,98.2,94.3,4.35,2004
961,Sacramento Kings*,55,27,0.671,1.0,102.8,97.8,5.41,2004
962,Portland Trail Blazers,41,41,0.5,15.0,90.7,92.0,-0.58,2004
963,Golden State Warriors,37,45,0.451,19.0,93.3,94.0,-0.07,2004
964,Seattle SuperSonics,37,45,0.451,19.0,97.1,97.8,0.02,2004
965,Phoenix Suns,29,53,0.354,27.0,94.2,97.9,-2.94,2004
966,Los Angeles Clippers,28,54,0.341,28.0,94.8,99.4,-3.74,2004
967,Boston Celtics*,45,37,0.549,—,101.3,100.4,0.35,2005
968,Philadelphia 76ers*,43,39,0.524,2.0,99.1,99.9,-1.07,2005
969,New Jersey Nets*,42,40,0.512,3.0,91.4,92.9,-1.82,2005
970,Toronto Raptors,33,49,0.402,12.0,99.7,101.4,-1.81,2005
971,New York Knicks,33,49,0.402,12.0,97.3,99.7,-2.72,2005
972,Detroit Pistons*,54,28,0.659,—,93.3,89.5,3.31,2005
973,Chicago Bulls*,47,35,0.573,7.0,94.5,93.4,0.65,2005
974,Indiana Pacers*,44,38,0.537,10.0,93.0,92.2,0.49,2005
975,Cleveland Cavaliers,42,40,0.512,12.0,96.5,95.7,0.27,2005
976,Milwaukee Bucks,30,52,0.366,24.0,97.2,100.2,-3.09,2005
977,Miami Heat*,59,23,0.72,—,101.5,95.0,5.77,2005
978,Washington Wizards*,45,37,0.549,14.0,100.5,100.8,-0.71,2005
979,Orlando Magic,36,46,0.439,23.0,99.5,101.8,-2.52,2005
980,Charlotte Bobcats,18,64,0.22,41.0,94.3,100.2,-6.15,2005
981,Atlanta Hawks,13,69,0.159,46.0,92.7,102.5,-9.62,2005
982,Seattle SuperSonics*,52,30,0.634,—,98.9,96.6,2.59,2005
983,Denver Nuggets*,49,33,0.598,3.0,99.5,97.5,2.23,2005
984,Minnesota Timberwolves,44,38,0.537,8.0,96.8,95.3,1.73,2005
985,Portland Trail Blazers,27,55,0.329,25.0,92.9,96.9,-3.45,2005
986,Utah Jazz,26,56,0.317,26.0,93.0,97.3,-3.74,2005
987,Phoenix Suns*,62,20,0.756,—,110.4,103.3,7.08,2005
988,Sacramento Kings*,50,32,0.61,12.0,103.7,101.6,2.56,2005
989,Los Angeles Clippers,37,45,0.451,25.0,95.7,96.5,-0.47,2005
990,Los Angeles Lakers,34,48,0.415,28.0,98.7,101.7,-2.32,2005
991,Golden State Warriors,34,48,0.415,28.0,98.7,100.9,-1.74,2005
992,San Antonio Spurs*,59,23,0.72,—,96.2,88.4,7.84,2005
993,Dallas Mavericks*,58,24,0.707,1.0,102.5,96.8,5.86,2005
994,Houston Rockets*,51,31,0.622,8.0,95.1,91.0,4.27,2005
995,Memphis Grizzlies*,45,37,0.549,14.0,93.4,91.1,2.64,2005
996,New Orleans Hornets,18,64,0.22,41.0,88.4,95.5,-6.3,2005
997,New Jersey Nets*,49,33,0.598,—,93.8,92.4,1.11,2006
998,Philadelphia 76ers,38,44,0.463,11.0,99.4,101.3,-2.1,2006
999,Boston Celtics,33,49,0.402,16.0,98.0,99.5,-1.59,2006
1000,Toronto Raptors,27,55,0.329,22.0,101.1,104.0,-3.03,2006
1001,New York Knicks,23,59,0.28,26.0,95.6,102.0,-6.3,2006
1002,Detroit Pistons*,64,18,0.78,—,96.8,90.2,6.24,2006
1003,Cleveland Cavaliers*,50,32,0.61,14.0,97.6,95.4,2.17,2006
1004,Indiana Pacers*,41,41,0.5,23.0,93.9,92.0,1.62,2006
1005,Chicago Bulls*,41,41,0.5,23.0,97.8,97.2,0.51,2006
1006,Milwaukee Bucks*,40,42,0.488,24.0,97.8,98.8,-1.07,2006
1007,Miami Heat*,52,30,0.634,—,99.9,96.0,3.59,2006
1008,Washington Wizards*,42,40,0.512,10.0,101.7,99.8,1.57,2006
1009,Orlando Magic,36,46,0.439,16.0,94.9,96.0,-1.26,2006
1010,Charlotte Bobcats,26,56,0.317,26.0,96.9,100.9,-3.9,2006
1011,Atlanta Hawks,26,56,0.317,26.0,97.2,102.0,-4.69,2006
1012,Denver Nuggets*,44,38,0.537,—,100.3,100.1,0.36,2006
1013,Utah Jazz,41,41,0.5,3.0,92.4,95.0,-2.49,2006
1014,Seattle SuperSonics,35,47,0.427,9.0,102.6,105.6,-2.88,2006
1015,Minnesota Timberwolves,33,49,0.402,11.0,91.7,93.6,-1.75,2006
1016,Portland Trail Blazers,21,61,0.256,23.0,88.8,98.3,-8.91,2006
1017,Phoenix Suns*,54,28,0.659,—,108.4,102.8,5.48,2006
1018,Los Angeles Clippers*,47,35,0.573,7.0,97.2,95.6,1.75,2006
1019,Los Angeles Lakers*,45,37,0.549,9.0,99.4,96.9,2.53,2006
1020,Sacramento Kings*,44,38,0.537,10.0,98.9,97.3,1.61,2006
1021,Golden State Warriors,34,48,0.415,20.0,98.5,99.8,-1.11,2006
1022,San Antonio Spurs*,63,19,0.768,—,95.6,88.8,6.69,2006
1023,Dallas Mavericks*,60,22,0.732,3.0,99.1,93.1,5.96,2006
1024,Memphis Grizzlies*,49,33,0.598,14.0,92.2,88.5,3.74,2006
1025,New Orleans/Oklahoma City Hornets,38,44,0.463,25.0,92.8,95.6,-2.51,2006
1026,Houston Rockets,34,48,0.415,29.0,90.1,91.7,-1.3,2006
1027,Toronto Raptors*,47,35,0.573,—,99.5,98.5,0.61,2007
1028,New Jersey Nets*,41,41,0.5,6.0,97.6,98.3,-1.0,2007
1029,Philadelphia 76ers,35,47,0.427,12.0,94.9,98.0,-3.26,2007
1030,New York Knicks,33,49,0.402,14.0,97.5,100.3,-3.06,2007
1031,Boston Celtics,24,58,0.293,23.0,95.8,99.2,-3.7,2007
1032,Detroit Pistons*,53,29,0.646,—,96.0,91.8,3.69,2007
1033,Cleveland Cavaliers*,50,32,0.61,3.0,96.8,92.9,3.33,2007
1034,Chicago Bulls*,49,33,0.598,4.0,98.8,93.8,4.52,2007
1035,Indiana Pacers,35,47,0.427,18.0,95.6,98.0,-2.62,2007
1036,Milwaukee Bucks,28,54,0.341,25.0,99.7,104.0,-4.43,2007
1037,Miami Heat*,44,38,0.537,—,94.6,95.5,-1.21,2007
1038,Washington Wizards*,41,41,0.5,3.0,104.3,104.9,-0.8,2007
1039,Orlando Magic*,40,42,0.488,4.0,94.8,94.0,0.35,2007
1040,Charlotte Bobcats,33,49,0.402,11.0,96.9,100.6,-3.97,2007
1041,Atlanta Hawks,30,52,0.366,14.0,93.7,98.4,-4.86,2007
1042,Utah Jazz*,51,31,0.622,—,101.5,98.6,3.06,2007
1043,Denver Nuggets*,45,37,0.549,6.0,105.4,103.7,1.69,2007
1044,Portland Trail Blazers,32,50,0.39,19.0,94.1,98.4,-3.78,2007
1045,Minnesota Timberwolves,32,50,0.39,19.0,96.1,99.7,-3.16,2007
1046,Seattle SuperSonics,31,51,0.378,20.0,99.1,102.0,-2.45,2007
1047,Phoenix Suns*,61,21,0.744,—,110.2,102.9,7.28,2007
1048,Los Angeles Lakers*,42,40,0.512,19.0,103.3,103.4,0.24,2007
1049,Golden State Warriors*,42,40,0.512,19.0,106.5,106.9,0.0,2007
1050,Los Angeles Clippers,40,42,0.488,21.0,95.6,96.1,-0.07,2007
1051,Sacramento Kings,33,49,0.402,28.0,101.3,103.1,-1.35,2007
1052,Dallas Mavericks*,67,15,0.817,—,100.0,92.8,7.28,2007
1053,San Antonio Spurs*,58,24,0.707,9.0,98.5,90.1,8.35,2007
1054,Houston Rockets*,52,30,0.634,15.0,97.0,92.1,5.04,2007
1055,New Orleans/Oklahoma City Hornets,39,43,0.476,28.0,95.5,97.1,-1.19,2007
1056,Memphis Grizzlies,22,60,0.268,45.0,101.6,106.7,-4.44,2007
1057,Boston Celtics*,66,16,0.805,—,100.5,90.3,9.3,2008
1058,Toronto Raptors*,41,41,0.5,25.0,100.2,97.3,2.47,2008
1059,Philadelphia 76ers*,40,42,0.488,26.0,96.6,96.2,0.19,2008
1060,New Jersey Nets,34,48,0.415,32.0,95.8,100.9,-5.15,2008
1061,New York Knicks,23,59,0.28,43.0,96.9,103.5,-6.55,2008
1062,Detroit Pistons*,59,23,0.72,—,97.5,90.1,6.67,2008
1063,Cleveland Cavaliers*,45,37,0.549,14.0,96.4,96.7,-0.53,2008
1064,Indiana Pacers,36,46,0.439,23.0,104.0,105.4,-1.87,2008
1065,Chicago Bulls,33,49,0.402,26.0,97.3,100.4,-3.19,2008
1066,Milwaukee Bucks,26,56,0.317,33.0,97.0,103.9,-6.92,2008
1067,Orlando Magic*,52,30,0.634,—,104.5,99.0,4.79,2008
1068,Washington Wizards*,43,39,0.524,9.0,98.8,99.2,-0.61,2008
1069,Atlanta Hawks*,37,45,0.451,15.0,98.2,100.0,-2.23,2008
1070,Charlotte Bobcats,32,50,0.39,20.0,97.1,101.4,-4.49,2008
1071,Miami Heat,15,67,0.183,37.0,91.4,100.0,-8.53,2008
1072,Utah Jazz*,54,28,0.659,—,106.2,99.3,6.86,2008
1073,Denver Nuggets*,50,32,0.61,4.0,110.7,107.0,3.74,2008
1074,Portland Trail Blazers,41,41,0.5,13.0,95.4,96.3,-0.52,2008
1075,Minnesota Timberwolves,22,60,0.268,32.0,95.6,102.4,-6.26,2008
1076,Seattle SuperSonics,20,62,0.244,34.0,97.5,106.3,-8.04,2008
1077,Los Angeles Lakers*,57,25,0.695,—,108.6,101.3,7.34,2008
1078,Phoenix Suns*,55,27,0.671,2.0,110.1,105.0,5.14,2008
1079,Golden State Warriors,48,34,0.585,9.0,111.0,108.8,2.38,2008
1080,Sacramento Kings,38,44,0.463,19.0,102.5,104.8,-1.86,2008
1081,Los Angeles Clippers,23,59,0.28,34.0,93.8,101.1,-6.56,2008
1082,New Orleans Hornets*,56,26,0.683,—,100.9,95.6,5.46,2008
1083,San Antonio Spurs*,56,26,0.683,—,95.4,90.6,5.1,2008
1084,Houston Rockets*,55,27,0.671,1.0,96.7,92.0,4.83,2008
1085,Dallas Mavericks*,51,31,0.622,5.0,100.4,95.9,4.7,2008
1086,Memphis Grizzlies,22,60,0.268,34.0,100.7,106.9,-5.76,2008
1087,Boston Celtics*,62,20,0.756,—,100.9,93.4,7.44,2009
1088,Philadelphia 76ers*,41,41,0.5,21.0,97.4,97.3,0.16,2009
1089,New Jersey Nets,34,48,0.415,28.0,98.1,100.5,-2.31,2009
1090,Toronto Raptors,33,49,0.402,29.0,99.0,101.9,-2.54,2009
1091,New York Knicks,32,50,0.39,30.0,105.2,107.8,-2.33,2009
1092,Cleveland Cavaliers*,66,16,0.805,—,100.3,91.4,8.68,2009
1093,Chicago Bulls*,41,41,0.5,25.0,102.2,102.5,-0.16,2009
1094,Detroit Pistons*,39,43,0.476,27.0,94.2,94.7,-0.36,2009
1095,Indiana Pacers,36,46,0.439,30.0,105.1,106.2,-0.76,2009
1096,Milwaukee Bucks,34,48,0.415,32.0,99.3,100.4,-0.88,2009
1097,Orlando Magic*,59,23,0.72,—,101.0,94.4,6.48,2009
1098,Atlanta Hawks*,47,35,0.573,12.0,98.1,96.5,1.7,2009
1099,Miami Heat*,43,39,0.524,16.0,98.3,98.0,0.49,2009
1100,Charlotte Bobcats,35,47,0.427,24.0,93.6,94.9,-1.2,2009
1101,Washington Wizards,19,63,0.232,40.0,96.1,103.5,-6.98,2009
1102,Denver Nuggets*,54,28,0.659,—,104.3,100.9,3.13,2009
1103,Portland Trail Blazers*,54,28,0.659,—,99.4,94.1,5.0,2009
1104,Utah Jazz*,48,34,0.585,6.0,103.6,100.9,2.31,2009
1105,Minnesota Timberwolves,24,58,0.293,30.0,97.8,102.7,-4.74,2009
1106,Oklahoma City Thunder,23,59,0.28,31.0,97.0,103.1,-6.04,2009
1107,Los Angeles Lakers*,65,17,0.793,—,106.9,99.3,7.11,2009
1108,Phoenix Suns,46,36,0.561,19.0,109.4,107.5,1.62,2009
1109,Golden State Warriors,29,53,0.354,36.0,108.6,112.3,-3.8,2009
1110,Los Angeles Clippers,19,63,0.232,46.0,95.1,103.9,-8.47,2009
1111,Sacramento Kings,17,65,0.207,48.0,100.6,109.3,-8.6,2009
1112,San Antonio Spurs*,54,28,0.659,—,97.0,93.3,3.36,2009
1113,Houston Rockets*,53,29,0.646,1.0,98.4,94.4,3.73,2009
1114,Dallas Mavericks*,50,32,0.61,4.0,101.7,99.8,1.68,2009
1115,New Orleans Hornets*,49,33,0.598,5.0,95.8,94.3,1.41,2009
1116,Memphis Grizzlies,24,58,0.293,30.0,93.9,99.3,-5.23,2009
1117,Boston Celtics*,50,32,0.61,—,99.2,95.6,3.37,2010
1118,Toronto Raptors,40,42,0.488,10.0,104.1,105.9,-1.83,2010
1119,New York Knicks,29,53,0.354,21.0,102.1,105.9,-4.01,2010
1120,Philadelphia 76ers,27,55,0.329,23.0,97.7,101.6,-3.93,2010
1121,New Jersey Nets,12,70,0.146,38.0,92.4,101.5,-8.93,2010
1122,Cleveland Cavaliers*,61,21,0.744,—,102.1,95.6,6.17,2010
1123,Milwaukee Bucks*,46,36,0.561,15.0,97.7,96.0,1.37,2010
1124,Chicago Bulls*,41,41,0.5,20.0,97.5,99.1,-1.64,2010
1125,Indiana Pacers,32,50,0.39,29.0,100.8,103.8,-3.11,2010
1126,Detroit Pistons,27,55,0.329,34.0,94.0,99.1,-5.02,2010
1127,Orlando Magic*,59,23,0.72,—,102.8,95.3,7.12,2010
1128,Atlanta Hawks*,53,29,0.646,6.0,101.7,97.0,4.44,2010
1129,Miami Heat*,47,35,0.573,12.0,96.5,94.2,1.99,2010
1130,Charlotte Bobcats*,44,38,0.537,15.0,95.3,93.8,1.3,2010
1131,Washington Wizards,26,56,0.317,33.0,96.2,101.0,-4.72,2010
1132,Denver Nuggets*,53,29,0.646,—,106.5,102.4,4.15,2010
1133,Utah Jazz*,53,29,0.646,—,104.2,98.9,5.33,2010
1134,Portland Trail Blazers*,50,32,0.61,3.0,98.1,94.8,3.18,2010
1135,Oklahoma City Thunder*,50,32,0.61,3.0,101.5,98.0,3.55,2010
1136,Minnesota Timberwolves,15,67,0.183,38.0,98.2,107.8,-9.06,2010
1137,Los Angeles Lakers*,57,25,0.695,—,101.7,97.0,4.78,2010
1138,Phoenix Suns*,54,28,0.659,3.0,110.2,105.3,4.67,2010
1139,Los Angeles Clippers,29,53,0.354,28.0,95.7,102.1,-6.01,2010
1140,Golden State Warriors,26,56,0.317,31.0,108.8,112.4,-3.28,2010
1141,Sacramento Kings,25,57,0.305,32.0,100.0,104.4,-4.06,2010
1142,Dallas Mavericks*,55,27,0.671,—,102.0,99.3,2.66,2010
1143,San Antonio Spurs*,50,32,0.61,5.0,101.4,96.3,5.07,2010
1144,Houston Rockets,42,40,0.512,13.0,102.4,102.7,-0.02,2010
1145,Memphis Grizzlies,40,42,0.488,15.0,102.5,104.0,-1.39,2010
1146,New Orleans Hornets,37,45,0.451,18.0,100.2,102.7,-2.27,2010
1147,Boston Celtics*,56,26,0.683,—,96.5,91.1,4.83,2011
1148,New York Knicks*,42,40,0.512,14.0,106.5,105.7,0.48,2011
1149,Philadelphia 76ers*,41,41,0.5,15.0,99.0,97.5,1.01,2011
1150,New Jersey Nets,24,58,0.293,32.0,94.2,100.4,-6.28,2011
1151,Toronto Raptors,22,60,0.268,34.0,99.1,105.4,-6.28,2011
1152,Chicago Bulls*,62,20,0.756,—,98.6,91.3,6.53,2011
1153,Indiana Pacers*,37,45,0.451,25.0,99.8,100.9,-1.38,2011
1154,Milwaukee Bucks,35,47,0.427,27.0,91.9,92.7,-1.02,2011
1155,Detroit Pistons,30,52,0.366,32.0,97.0,100.6,-3.78,2011
1156,Cleveland Cavaliers,19,63,0.232,43.0,95.5,104.5,-8.88,2011
1157,Miami Heat*,58,24,0.707,—,102.1,94.6,6.76,2011
1158,Orlando Magic*,52,30,0.634,6.0,99.2,93.7,4.92,2011
1159,Atlanta Hawks*,44,38,0.537,14.0,95.0,95.8,-1.1,2011
1160,Charlotte Bobcats,34,48,0.415,24.0,93.3,97.3,-4.08,2011
1161,Washington Wizards,23,59,0.28,35.0,97.3,104.7,-7.3,2011
1162,Oklahoma City Thunder*,55,27,0.671,—,104.8,101.0,3.81,2011
1163,Denver Nuggets*,50,32,0.61,5.0,107.5,102.7,4.81,2011
1164,Portland Trail Blazers*,48,34,0.585,7.0,96.3,94.8,1.85,2011
1165,Utah Jazz,39,43,0.476,16.0,99.4,101.3,-1.44,2011
1166,Minnesota Timberwolves,17,65,0.207,38.0,101.1,107.7,-5.97,2011
1167,Los Angeles Lakers*,57,25,0.695,—,101.5,95.4,6.01,2011
1168,Phoenix Suns,40,42,0.488,17.0,105.0,105.9,-0.46,2011
1169,Golden State Warriors,36,46,0.439,21.0,103.4,105.7,-2.0,2011
1170,Los Angeles Clippers,32,50,0.39,25.0,98.6,101.8,-2.71,2011
1171,Sacramento Kings,24,58,0.293,33.0,99.4,104.7,-4.8,2011
1172,San Antonio Spurs*,61,21,0.744,—,103.7,98.0,5.86,2011
1173,Dallas Mavericks*,57,25,0.695,4.0,100.2,96.0,4.41,2011
1174,New Orleans Hornets*,46,36,0.561,15.0,94.9,94.0,1.28,2011
1175,Memphis Grizzlies*,46,36,0.561,15.0,99.9,97.6,2.55,2011
1176,Houston Rockets,43,39,0.524,18.0,105.9,103.7,2.37,2011
1177,Boston Celtics*,39,27,0.591,—,91.8,89.3,2.26,2012
1178,New York Knicks*,36,30,0.545,3.0,97.8,94.7,2.39,2012
1179,Philadelphia 76ers*,35,31,0.53,4.0,93.6,89.4,3.59,2012
1180,Toronto Raptors,23,43,0.348,16.0,90.7,94.0,-3.67,2012
1181,New Jersey Nets,22,44,0.333,17.0,93.1,99.1,-6.37,2012
1182,Chicago Bulls*,50,16,0.758,—,96.3,88.2,7.43,2012
1183,Indiana Pacers*,42,24,0.636,8.0,97.7,94.4,2.6,2012
1184,Milwaukee Bucks,31,35,0.47,19.0,99.0,98.7,-0.23,2012
1185,Detroit Pistons,25,41,0.379,25.0,90.9,95.7,-5.19,2012
1186,Cleveland Cavaliers,21,45,0.318,29.0,93.0,100.2,-7.34,2012
1187,Miami Heat*,46,20,0.697,—,98.5,92.5,5.72,2012
1188,Atlanta Hawks*,40,26,0.606,6.0,96.6,93.2,2.67,2012
1189,Orlando Magic*,37,29,0.561,9.0,94.2,93.4,0.46,2012
1190,Washington Wizards,20,46,0.303,26.0,93.6,98.4,-5.14,2012
1191,Charlotte Bobcats,7,59,0.106,39.0,87.0,100.9,-13.96,2012
1192,Oklahoma City Thunder*,47,19,0.712,—,103.1,96.9,6.44,2012
1193,Denver Nuggets*,38,28,0.576,9.0,104.1,101.2,3.16,2012
1194,Utah Jazz*,36,30,0.545,11.0,99.7,99.0,0.92,2012
1195,Portland Trail Blazers,28,38,0.424,19.0,97.2,97.8,-0.22,2012
1196,Minnesota Timberwolves,26,40,0.394,21.0,97.9,100.1,-1.83,2012
1197,Los Angeles Lakers*,41,25,0.621,—,97.3,95.9,1.96,2012
1198,Los Angeles Clippers*,40,26,0.606,1.0,97.5,95.0,2.82,2012
1199,Phoenix Suns,33,33,0.5,8.0,98.4,98.6,0.29,2012
1200,Golden State Warriors,23,43,0.348,18.0,97.8,101.2,-2.79,2012
1201,Sacramento Kings,22,44,0.333,19.0,98.8,104.4,-4.95,2012
1202,San Antonio Spurs*,50,16,0.758,—,103.7,96.5,7.28,2012
1203,Memphis Grizzlies*,41,25,0.621,9.0,95.0,93.0,2.43,2012
1204,Dallas Mavericks*,36,30,0.545,14.0,95.8,94.8,1.78,2012
1205,Houston Rockets,34,32,0.515,16.0,98.1,97.9,0.57,2012
1206,New Orleans Hornets,21,45,0.318,29.0,89.6,93.4,-3.11,2012
1207,New York Knicks*,54,28,0.659,—,100.0,95.7,3.73,2013
1208,Brooklyn Nets*,49,33,0.598,5.0,96.9,95.1,1.25,2013
1209,Boston Celtics*,41,40,0.506,12.5,96.5,96.7,-0.62,2013
1210,Philadelphia 76ers,34,48,0.415,20.0,93.2,96.5,-3.51,2013
1211,Toronto Raptors,34,48,0.415,20.0,97.2,98.7,-1.96,2013
1212,Indiana Pacers*,49,32,0.605,—,94.7,90.7,3.34,2013
1213,Chicago Bulls*,45,37,0.549,4.5,93.2,92.9,-0.02,2013
1214,Milwaukee Bucks*,38,44,0.463,11.5,98.9,100.4,-1.83,2013
1215,Detroit Pistons,29,53,0.354,20.5,94.9,98.8,-4.33,2013
1216,Cleveland Cavaliers,24,58,0.293,25.5,96.5,101.2,-4.87,2013
1217,Miami Heat*,66,16,0.805,—,102.9,95.0,7.03,2013
1218,Atlanta Hawks*,44,38,0.537,22.0,98.0,97.5,-0.08,2013
1219,Washington Wizards,29,53,0.354,37.0,93.2,95.8,-2.78,2013
1220,Charlotte Bobcats,21,61,0.256,45.0,93.4,102.7,-9.29,2013
1221,Orlando Magic,20,62,0.244,46.0,94.1,101.1,-7.12,2013
1222,Oklahoma City Thunder*,60,22,0.732,—,105.7,96.5,9.15,2013
1223,Denver Nuggets*,57,25,0.695,3.0,106.1,101.1,5.37,2013
1224,Utah Jazz,43,39,0.524,17.0,98.0,98.1,0.3,2013
1225,Portland Trail Blazers,33,49,0.402,27.0,97.5,100.7,-2.53,2013
1226,Minnesota Timberwolves,31,51,0.378,29.0,95.7,98.1,-1.83,2013
1227,Los Angeles Clippers*,56,26,0.683,—,101.1,94.6,6.43,2013
1228,Golden State Warriors*,47,35,0.573,9.0,101.2,100.3,1.32,2013
1229,Los Angeles Lakers*,45,37,0.549,11.0,102.2,101.0,1.48,2013
1230,Sacramento Kings,28,54,0.341,28.0,100.2,105.1,-4.26,2013
1231,Phoenix Suns,25,57,0.305,31.0,95.2,101.6,-5.75,2013
1232,San Antonio Spurs*,58,24,0.707,—,103.0,96.6,6.67,2013
1233,Memphis Grizzlies*,56,26,0.683,2.0,93.4,89.3,4.32,2013
1234,Houston Rockets*,45,37,0.549,13.0,106.0,102.5,3.69,2013
1235,Dallas Mavericks,41,41,0.5,17.0,101.1,101.7,-0.24,2013
1236,New Orleans Hornets,27,55,0.329,31.0,94.1,97.9,-3.12,2013
1237,Toronto Raptors*,48,34,0.585,—,101.3,98.0,2.55,2014
1238,Brooklyn Nets*,44,38,0.537,4.0,98.5,99.5,-1.58,2014
1239,New York Knicks,37,45,0.451,11.0,98.6,99.4,-1.4,2014
1240,Boston Celtics,25,57,0.305,23.0,96.2,100.7,-4.97,2014
1241,Philadelphia 76ers,19,63,0.232,29.0,99.5,109.9,-10.66,2014
1242,Indiana Pacers*,56,26,0.683,—,96.7,92.3,3.63,2014
1243,Chicago Bulls*,48,34,0.585,8.0,93.7,91.8,1.2,2014
1244,Cleveland Cavaliers,33,49,0.402,23.0,98.2,101.5,-3.86,2014
1245,Detroit Pistons,29,53,0.354,27.0,101.0,104.7,-4.13,2014
1246,Milwaukee Bucks,15,67,0.183,41.0,95.5,103.7,-8.41,2014
1247,Miami Heat*,54,28,0.659,—,102.2,97.4,4.15,2014
1248,Washington Wizards*,44,38,0.537,10.0,100.7,99.4,0.48,2014
1249,Charlotte Bobcats*,43,39,0.524,11.0,96.9,97.1,-0.89,2014
1250,Atlanta Hawks*,38,44,0.463,16.0,101.0,101.5,-0.88,2014
1251,Orlando Magic,23,59,0.28,31.0,96.5,102.0,-5.88,2014
1252,Oklahoma City Thunder*,59,23,0.72,—,106.2,99.8,6.66,2014
1253,Portland Trail Blazers*,54,28,0.659,5.0,106.7,102.8,4.44,2014
1254,Minnesota Timberwolves,40,42,0.488,19.0,106.9,104.3,3.1,2014
1255,Denver Nuggets,36,46,0.439,23.0,104.4,106.5,-1.4,2014
1256,Utah Jazz,25,57,0.305,34.0,95.0,102.2,-6.27,2014
1257,Los Angeles Clippers*,57,25,0.695,—,107.9,101.0,7.27,2014
1258,Golden State Warriors*,51,31,0.622,6.0,104.3,99.5,5.15,2014
1259,Phoenix Suns,48,34,0.585,9.0,105.2,102.6,3.02,2014
1260,Sacramento Kings,28,54,0.341,29.0,100.5,103.4,-2.08,2014
1261,Los Angeles Lakers,27,55,0.329,30.0,103.0,109.2,-5.33,2014
1262,San Antonio Spurs*,62,20,0.756,—,105.4,97.6,8.0,2014
1263,Houston Rockets*,54,28,0.659,8.0,107.7,103.1,5.06,2014
1264,Memphis Grizzlies*,50,32,0.61,12.0,96.1,94.6,2.18,2014
1265,Dallas Mavericks*,49,33,0.598,13.0,104.8,102.4,2.91,2014
1266,New Orleans Pelicans,34,48,0.415,28.0,99.7,102.4,-1.98,2014
1267,Toronto Raptors*,49,33,0.598,—,104.0,100.9,2.45,2015
1268,Boston Celtics*,40,42,0.488,9.0,101.4,101.2,-0.4,2015
1269,Brooklyn Nets*,38,44,0.463,11.0,98.0,100.9,-3.13,2015
1270,Philadelphia 76ers,18,64,0.22,31.0,92.0,101.0,-9.04,2015
1271,New York Knicks,17,65,0.207,32.0,91.9,101.2,-9.5,2015
1272,Cleveland Cavaliers*,53,29,0.646,—,103.1,98.7,4.08,2015
1273,Chicago Bulls*,50,32,0.61,3.0,100.8,97.8,2.54,2015
1274,Milwaukee Bucks*,41,41,0.5,12.0,97.8,97.4,-0.09,2015
1275,Indiana Pacers,38,44,0.463,15.0,97.3,97.0,-0.23,2015
1276,Detroit Pistons,32,50,0.39,21.0,98.5,99.5,-1.39,2015
1277,Atlanta Hawks*,60,22,0.732,—,102.5,97.1,4.75,2015
1278,Washington Wizards*,46,36,0.561,14.0,98.5,97.8,0.17,2015
1279,Miami Heat,37,45,0.451,23.0,94.7,97.3,-2.92,2015
1280,Charlotte Hornets,33,49,0.402,27.0,94.2,97.3,-3.44,2015
1281,Orlando Magic,25,57,0.305,35.0,95.7,101.4,-5.87,2015
1282,Portland Trail Blazers*,51,31,0.622,—,102.8,98.6,4.41,2015
1283,Oklahoma City Thunder,45,37,0.549,6.0,104.0,101.8,2.47,2015
1284,Utah Jazz,38,44,0.463,13.0,95.1,94.9,0.71,2015
1285,Denver Nuggets,30,52,0.366,21.0,101.5,105.0,-3.07,2015
1286,Minnesota Timberwolves,16,66,0.195,35.0,97.8,106.5,-8.0,2015
1287,Golden State Warriors*,67,15,0.817,—,110.0,99.9,10.01,2015
1288,Los Angeles Clippers*,56,26,0.683,11.0,106.7,100.1,6.8,2015
1289,Phoenix Suns,39,43,0.476,28.0,102.4,103.3,-0.38,2015
1290,Sacramento Kings,29,53,0.354,38.0,101.3,105.0,-3.07,2015
1291,Los Angeles Lakers,21,61,0.256,46.0,98.5,105.3,-6.17,2015
1292,Houston Rockets*,56,26,0.683,—,103.9,100.5,3.82,2015
1293,Memphis Grizzlies*,55,27,0.671,1.0,98.3,95.1,3.62,2015
1294,San Antonio Spurs*,55,27,0.671,1.0,103.2,97.0,6.34,2015
1295,Dallas Mavericks*,50,32,0.61,6.0,105.2,102.3,3.36,2015
1296,New Orleans Pelicans*,45,37,0.549,11.0,99.4,98.6,1.13,2015
1297,Toronto Raptors*,56,26,0.683,—,102.7,98.2,4.08,2016
1298,Boston Celtics*,48,34,0.585,8.0,105.7,102.5,2.84,2016
1299,New York Knicks,32,50,0.39,24.0,98.4,101.1,-2.74,2016
1300,Brooklyn Nets,21,61,0.256,35.0,98.6,106.0,-7.12,2016
1301,Philadelphia 76ers,10,72,0.122,46.0,97.4,107.6,-9.92,2016
1302,Cleveland Cavaliers*,57,25,0.695,—,104.3,98.3,5.45,2016
1303,Indiana Pacers*,45,37,0.549,12.0,102.2,100.5,1.62,2016
1304,Detroit Pistons*,44,38,0.537,13.0,102.0,101.4,0.43,2016
1305,Chicago Bulls,42,40,0.512,15.0,101.6,103.1,-1.46,2016
1306,Milwaukee Bucks,33,49,0.402,24.0,99.0,103.2,-3.98,2016
1307,Miami Heat*,48,34,0.585,—,100.0,98.4,1.5,2016
1308,Atlanta Hawks*,48,34,0.585,—,102.8,99.2,3.49,2016
1309,Charlotte Hornets*,48,34,0.585,—,103.4,100.7,2.36,2016
1310,Washington Wizards,41,41,0.5,7.0,104.1,104.6,-0.5,2016
1311,Orlando Magic,35,47,0.427,13.0,102.1,103.7,-1.68,2016
1312,Oklahoma City Thunder*,55,27,0.671,—,110.2,102.9,7.09,2016
1313,Portland Trail Blazers*,44,38,0.537,11.0,105.1,104.3,0.98,2016
1314,Utah Jazz,40,42,0.488,15.0,97.7,95.9,1.84,2016
1315,Denver Nuggets,33,49,0.402,22.0,101.9,105.0,-2.81,2016
1316,Minnesota Timberwolves,29,53,0.354,26.0,102.4,106.0,-3.38,2016
1317,Golden State Warriors*,73,9,0.89,—,114.9,104.1,10.38,2016
1318,Los Angeles Clippers*,53,29,0.646,20.0,104.5,100.2,4.13,2016
1319,Sacramento Kings,33,49,0.402,40.0,106.6,109.1,-2.32,2016
1320,Phoenix Suns,23,59,0.28,50.0,100.9,107.5,-6.32,2016
1321,Los Angeles Lakers,17,65,0.207,56.0,97.3,106.9,-8.92,2016
1322,San Antonio Spurs*,67,15,0.817,—,103.5,92.9,10.28,2016
1323,Dallas Mavericks*,42,40,0.512,25.0,102.3,102.6,-0.02,2016
1324,Memphis Grizzlies*,42,40,0.512,25.0,99.1,101.3,-2.14,2016
1325,Houston Rockets*,41,41,0.5,26.0,106.5,106.4,0.34,2016
1326,New Orleans Pelicans,30,52,0.366,37.0,102.7,106.5,-3.56,2016
1327,Boston Celtics*,53,29,0.646,—,108.0,105.4,2.25,2017
1328,Toronto Raptors*,51,31,0.622,2.0,106.9,102.6,3.65,2017
1329,New York Knicks,31,51,0.378,22.0,104.3,108.0,-3.87,2017
1330,Philadelphia 76ers,28,54,0.341,25.0,102.4,108.1,-5.83,2017
1331,Brooklyn Nets,20,62,0.244,33.0,105.8,112.5,-6.74,2017
1332,Cleveland Cavaliers*,51,31,0.622,—,110.3,107.2,2.87,2017
1333,Milwaukee Bucks*,42,40,0.512,9.0,103.6,103.8,-0.45,2017
1334,Indiana Pacers*,42,40,0.512,9.0,105.1,105.3,-0.64,2017
1335,Chicago Bulls*,41,41,0.5,10.0,102.9,102.4,0.03,2017
1336,Detroit Pistons,37,45,0.451,14.0,101.3,102.5,-1.29,2017
1337,Washington Wizards*,49,33,0.598,—,109.2,107.4,1.36,2017
1338,Atlanta Hawks*,43,39,0.524,6.0,103.2,104.0,-1.23,2017
1339,Miami Heat,41,41,0.5,8.0,103.2,102.1,0.77,2017
1340,Charlotte Hornets,36,46,0.439,13.0,104.9,104.7,-0.07,2017
1341,Orlando Magic,29,53,0.354,20.0,101.1,107.6,-6.61,2017
1342,Utah Jazz*,51,31,0.622,—,100.7,96.8,4.0,2017
1343,Oklahoma City Thunder*,47,35,0.573,4.0,106.6,105.8,1.14,2017
1344,Portland Trail Blazers*,41,41,0.5,10.0,107.9,108.5,-0.23,2017
1345,Denver Nuggets,40,42,0.488,11.0,111.7,111.2,0.7,2017
1346,Minnesota Timberwolves,31,51,0.378,20.0,105.6,106.7,-0.64,2017
1347,Golden State Warriors*,67,15,0.817,—,115.9,104.3,11.35,2017
1348,Los Angeles Clippers*,51,31,0.622,16.0,108.7,104.4,4.42,2017
1349,Sacramento Kings,32,50,0.39,35.0,102.8,106.7,-3.29,2017
1350,Los Angeles Lakers,26,56,0.317,41.0,104.6,111.5,-6.29,2017
1351,Phoenix Suns,24,58,0.293,43.0,107.7,113.3,-5.14,2017
1352,San Antonio Spurs*,61,21,0.744,—,105.3,98.1,7.13,2017
1353,Houston Rockets*,55,27,0.671,6.0,115.3,109.6,5.84,2017
1354,Memphis Grizzlies*,43,39,0.524,18.0,100.5,100.0,0.96,2017
1355,New Orleans Pelicans,34,48,0.415,27.0,104.3,106.4,-1.69,2017
1356,Dallas Mavericks,33,49,0.402,28.0,97.9,100.8,-2.53,2017
1357,Toronto Raptors*,59,23,0.72,—,111.7,103.9,7.29,2018
1358,Boston Celtics*,55,27,0.671,4.0,104.0,100.4,3.23,2018
1359,Philadelphia 76ers*,52,30,0.634,7.0,109.8,105.3,4.3,2018
1360,New York Knicks,29,53,0.354,30.0,104.5,108.0,-3.53,2018
1361,Brooklyn Nets,28,54,0.341,31.0,106.6,110.3,-3.67,2018
1362,Cleveland Cavaliers*,50,32,0.61,—,110.9,109.9,0.59,2018
1363,Indiana Pacers*,48,34,0.585,2.0,105.6,104.2,1.18,2018
1364,Milwaukee Bucks*,44,38,0.537,6.0,106.5,106.8,-0.45,2018
1365,Detroit Pistons,39,43,0.476,11.0,103.8,103.9,-0.26,2018
1366,Chicago Bulls,27,55,0.329,23.0,102.9,110.0,-6.84,2018
1367,Miami Heat*,44,38,0.537,—,103.4,102.9,0.15,2018
1368,Washington Wizards*,43,39,0.524,1.0,106.6,106.0,0.53,2018
1369,Charlotte Hornets,36,46,0.439,8.0,108.2,108.0,0.07,2018
1370,Orlando Magic,25,57,0.305,19.0,103.4,108.2,-4.92,2018
1371,Atlanta Hawks,24,58,0.293,20.0,103.4,108.8,-5.3,2018
1372,Portland Trail Blazers*,49,33,0.598,—,105.6,103.0,2.6,2018
1373,Oklahoma City Thunder*,48,34,0.585,1.0,107.9,104.4,3.42,2018
1374,Utah Jazz*,48,34,0.585,1.0,104.1,99.8,4.47,2018
1375,Minnesota Timberwolves*,47,35,0.573,2.0,109.5,107.3,2.35,2018
1376,Denver Nuggets,46,36,0.561,3.0,110.0,108.5,1.57,2018
1377,Golden State Warriors*,58,24,0.707,—,113.5,107.5,5.79,2018
1378,Los Angeles Clippers,42,40,0.512,16.0,109.0,109.0,0.15,2018
1379,Los Angeles Lakers,35,47,0.427,23.0,108.1,109.6,-1.44,2018
1380,Sacramento Kings,27,55,0.329,31.0,98.8,105.8,-6.6,2018
1381,Phoenix Suns,21,61,0.256,37.0,103.9,113.3,-8.8,2018
1382,Houston Rockets*,65,17,0.793,—,112.4,103.9,8.21,2018
1383,New Orleans Pelicans*,48,34,0.585,17.0,111.7,110.4,1.48,2018
1384,San Antonio Spurs*,47,35,0.573,18.0,102.7,99.8,2.89,2018
1385,Dallas Mavericks,24,58,0.293,41.0,102.3,105.4,-2.7,2018
1386,Memphis Grizzlies,22,60,0.268,43.0,99.3,105.5,-5.81,2018
1387,Toronto Raptors*,58,24,0.707,—,114.4,108.4,5.49,2019
1388,Philadelphia 76ers*,51,31,0.622,7.0,115.2,112.5,2.25,2019
1389,Boston Celtics*,49,33,0.598,9.0,112.4,108.0,3.9,2019
1390,Brooklyn Nets*,42,40,0.512,16.0,112.2,112.3,-0.4,2019
1391,New York Knicks,17,65,0.207,41.0,104.6,113.8,-8.93,2019
1392,Milwaukee Bucks*,60,22,0.732,—,118.1,109.3,8.04,2019
1393,Indiana Pacers*,48,34,0.585,12.0,108.0,104.7,2.76,2019
1394,Detroit Pistons*,41,41,0.5,19.0,107.0,107.3,-0.56,2019
1395,Chicago Bulls,22,60,0.268,38.0,104.9,113.4,-8.32,2019
1396,Cleveland Cavaliers,19,63,0.232,41.0,104.5,114.1,-9.39,2019
1397,Orlando Magic*,42,40,0.512,—,107.3,106.6,0.28,2019
1398,Charlotte Hornets,39,43,0.476,3.0,110.7,111.8,-1.32,2019
1399,Miami Heat,39,43,0.476,3.0,105.7,105.9,-0.45,2019
1400,Washington Wizards,32,50,0.39,10.0,114.0,116.9,-3.3,2019
1401,Atlanta Hawks,29,53,0.354,13.0,113.3,119.4,-6.06,2019
1402,Denver Nuggets*,54,28,0.659,—,110.7,106.7,4.19,2019
1403,Portland Trail Blazers*,53,29,0.646,1.0,114.7,110.5,4.43,2019
1404,Utah Jazz*,50,32,0.61,4.0,111.7,106.5,5.28,2019
1405,Oklahoma City Thunder*,49,33,0.598,5.0,114.5,111.1,3.56,2019
1406,Minnesota Timberwolves,36,46,0.439,18.0,112.5,114.0,-1.02,2019
1407,Golden State Warriors*,57,25,0.695,—,117.7,111.2,6.42,2019
1408,Los Angeles Clippers*,48,34,0.585,9.0,115.1,114.3,1.09,2019
1409,Sacramento Kings,39,43,0.476,18.0,114.2,115.3,-0.81,2019
1410,Los Angeles Lakers,37,45,0.451,20.0,111.8,113.5,-1.33,2019
1411,Phoenix Suns,19,63,0.232,38.0,107.5,116.8,-8.61,2019
1412,Houston Rockets*,53,29,0.646,—,113.9,109.1,4.96,2019
1413,San Antonio Spurs*,48,34,0.585,5.0,111.7,110.0,1.8,2019
1414,Memphis Grizzlies,33,49,0.402,20.0,103.5,106.1,-2.08,2019
1415,New Orleans Pelicans,33,49,0.402,20.0,115.4,116.8,-1.1,2019
1416,Dallas Mavericks,33,49,0.402,20.0,108.9,110.1,-0.87,2019
1417,Toronto Raptors*,53,19,0.736,—,112.8,106.5,5.97,2020
1418,Boston Celtics*,48,24,0.667,5.0,113.7,107.3,5.83,2020
1419,Philadelphia 76ers*,43,30,0.589,10.5,110.7,108.4,2.25,2020
1420,Brooklyn Nets*,35,37,0.486,18.0,111.8,112.3,-1.01,2020
1421,New York Knicks,21,45,0.318,29.0,105.8,112.3,-6.72,2020
1422,Milwaukee Bucks*,56,17,0.767,—,118.7,108.6,9.41,2020
1423,Indiana Pacers*,45,28,0.616,11.0,109.4,107.5,1.63,2020
1424,Chicago Bulls,22,43,0.338,30.0,106.8,109.9,-4.0,2020
1425,Detroit Pistons,20,46,0.303,32.5,107.2,110.8,-4.38,2020
1426,Cleveland Cavaliers,19,46,0.292,33.0,106.9,114.8,-7.77,2020
1427,Miami Heat*,44,29,0.603,—,112.0,109.1,2.59,2020
1428,Orlando Magic*,33,40,0.452,11.0,107.3,108.3,-0.93,2020
1429,Charlotte Hornets,23,42,0.354,17.0,102.9,109.6,-7.03,2020
1430,Washington Wizards,25,47,0.347,18.5,114.4,119.1,-5.24,2020
1431,Atlanta Hawks,20,47,0.299,21.0,111.8,119.7,-7.71,2020
1432,Denver Nuggets*,46,27,0.63,—,111.3,109.2,2.35,2020
1433,Oklahoma City Thunder*,44,28,0.611,1.5,110.4,108.4,2.33,2020
1434,Utah Jazz*,44,28,0.611,1.5,111.3,108.8,2.52,2020
1435,Portland Trail Blazers*,35,39,0.473,11.5,115.0,116.1,-0.61,2020
1436,Minnesota Timberwolves,19,45,0.297,22.5,113.3,117.5,-4.02,2020
1437,Los Angeles Lakers*,52,19,0.732,—,113.4,107.6,6.28,2020
1438,Los Angeles Clippers*,49,23,0.681,3.5,116.3,109.9,6.66,2020
1439,Phoenix Suns,34,39,0.466,19.0,113.6,113.4,0.56,2020
1440,Sacramento Kings,31,41,0.431,21.5,110.1,112.1,-1.59,2020
1441,Golden State Warriors,15,50,0.231,34.0,106.3,115.0,-8.12,2020
1442,Houston Rockets*,44,28,0.611,—,117.8,114.8,3.13,2020
1443,Dallas Mavericks*,43,32,0.573,2.5,117.0,112.1,4.87,2020
1444,Memphis Grizzlies,34,39,0.466,10.5,112.6,113.7,-0.91,2020
1445,San Antonio Spurs,32,39,0.451,11.5,114.1,115.2,-0.65,2020
1446,New Orleans Pelicans,30,42,0.417,14.0,115.8,117.1,-0.55,2020
1447,Philadelphia 76ers*,49,23,0.681,—,113.6,108.1,5.28,2021
1448,Brooklyn Nets*,48,24,0.667,1.0,118.6,114.1,4.24,2021
1449,New York Knicks*,41,31,0.569,8.0,107.0,104.7,2.13,2021
1450,Boston Celtics*,36,36,0.5,13.0,112.6,111.2,1.32,2021
1451,Toronto Raptors,27,45,0.375,22.0,111.3,111.7,-0.54,2021
1452,Milwaukee Bucks*,46,26,0.639,—,120.1,114.2,5.57,2021
1453,Indiana Pacers,34,38,0.472,12.0,115.3,115.3,-0.13,2021
1454,Chicago Bulls,31,41,0.431,15.0,110.7,111.6,-0.94,2021
1455,Cleveland Cavaliers,22,50,0.306,24.0,103.8,112.3,-8.19,2021
1456,Detroit Pistons,20,52,0.278,26.0,106.6,111.1,-4.38,2021
1457,Atlanta Hawks*,41,31,0.569,—,113.7,111.4,2.14,2021
1458,Miami Heat*,40,32,0.556,1.0,108.1,108.0,-0.06,2021
1459,Washington Wizards*,34,38,0.472,7.0,116.6,118.5,-1.85,2021
1460,Charlotte Hornets,33,39,0.458,8.0,109.5,111.4,-1.94,2021
1461,Orlando Magic,21,51,0.292,20.0,104.0,113.3,-9.02,2021
1462,Utah Jazz*,52,20,0.722,—,116.4,107.2,8.97,2021
1463,Denver Nuggets*,47,25,0.653,5.0,115.1,110.1,4.82,2021
1464,Portland Trail Blazers*,42,30,0.583,10.0,116.1,114.3,1.81,2021
1465,Minnesota Timberwolves,23,49,0.319,29.0,112.1,117.7,-5.25,2021
1466,Oklahoma City Thunder,22,50,0.306,30.0,105.0,115.6,-10.13,2021
1467,Phoenix Suns*,51,21,0.708,—,115.3,109.5,5.67,2021
1468,Los Angeles Clippers*,47,25,0.653,4.0,114.0,107.8,6.02,2021
1469,Los Angeles Lakers*,42,30,0.583,9.0,109.5,106.8,2.77,2021
1470,Golden State Warriors,39,33,0.542,12.0,113.7,112.7,1.1,2021
1471,Sacramento Kings,31,41,0.431,20.0,113.7,117.4,-3.45,2021
1472,Dallas Mavericks*,42,30,0.583,—,112.4,110.2,2.26,2021
1473,Memphis Grizzlies*,38,34,0.528,4.0,113.3,112.3,1.07,2021
1474,San Antonio Spurs,33,39,0.458,9.0,111.1,112.8,-1.58,2021
1475,New Orleans Pelicans,31,41,0.431,11.0,114.6,114.9,-0.2,2021
1476,Houston Rockets,17,55,0.236,25.0,108.8,116.7,-7.5,2021
1477,Boston Celtics*,51,31,0.622,—,111.8,104.5,7.02,2022
1478,Philadelphia 76ers*,51,31,0.622,—,109.9,107.3,2.57,2022
1479,Toronto Raptors*,48,34,0.585,3.0,109.4,107.1,2.38,2022
1480,Brooklyn Nets*,44,38,0.537,7.0,112.9,112.1,0.82,2022
1481,New York Knicks,37,45,0.451,14.0,106.5,106.6,-0.01,2022
1482,Milwaukee Bucks*,51,31,0.622,—,115.5,112.1,3.22,2022
1483,Chicago Bulls*,46,36,0.561,5.0,111.6,112.0,-0.38,2022
1484,Cleveland Cavaliers,44,38,0.537,7.0,107.8,105.7,2.04,2022
1485,Indiana Pacers,25,57,0.305,26.0,111.5,114.9,-3.26,2022
1486,Detroit Pistons,23,59,0.28,28.0,104.8,112.5,-7.36,2022
1487,Miami Heat*,53,29,0.646,—,110.0,105.6,4.23,2022
1488,Atlanta Hawks*,43,39,0.524,10.0,113.9,112.4,1.55,2022
1489,Charlotte Hornets,43,39,0.524,10.0,115.3,114.9,0.53,2022
1490,Washington Wizards,35,47,0.427,18.0,108.6,112.0,-3.23,2022
1491,Orlando Magic,22,60,0.268,31.0,104.2,112.2,-7.67,2022
1492,Utah Jazz*,49,33,0.598,—,113.6,107.6,5.67,2022
1493,Denver Nuggets*,48,34,0.585,1.0,112.7,110.4,2.16,2022
1494,Minnesota Timberwolves*,46,36,0.561,3.0,115.9,113.3,2.53,2022
1495,Portland Trail Blazers,27,55,0.329,22.0,106.2,115.1,-8.55,2022
1496,Oklahoma City Thunder,24,58,0.293,25.0,103.7,111.8,-7.9,2022
1497,Phoenix Suns*,64,18,0.78,—,114.8,107.3,6.94,2022
1498,Golden State Warriors*,53,29,0.646,11.0,111.0,105.5,5.52,2022
1499,Los Angeles Clippers,42,40,0.512,22.0,108.4,108.4,0.09,2022
1500,Los Angeles Lakers,33,49,0.402,31.0,112.1,115.1,-3.08,2022
1501,Sacramento Kings,30,52,0.366,34.0,110.3,115.8,-5.26,2022
1502,Memphis Grizzlies*,56,26,0.683,—,115.6,109.9,5.37,2022
1503,Dallas Mavericks*,52,30,0.634,4.0,108.0,104.7,3.12,2022
1504,New Orleans Pelicans*,36,46,0.439,20.0,109.3,110.3,-0.84,2022
1505,San Antonio Spurs,34,48,0.415,22.0,113.2,113.0,0.02,2022
1506,Houston Rockets,20,62,0.244,36.0,109.7,118.2,-8.26,2022
